[0.000000] (-) TimerEvent: {}
[0.000234] (motion_specification_interfaces) JobQueued: {'identifier': 'motion_specification_interfaces', 'dependencies': OrderedDict()}
[0.000309] (motion_specification_action) JobQueued: {'identifier': 'motion_specification_action', 'dependencies': OrderedDict({'motion_specification_interfaces': '/home/linux/Master-thesis/Project-Code/ros2_ws/src/freddy_single_arm_control/install/motion_specification_interfaces'})}
[0.000358] (motion_specification_interfaces) JobStarted: {'identifier': 'motion_specification_interfaces'}
[0.008648] (motion_specification_interfaces) JobProgress: {'identifier': 'motion_specification_interfaces', 'progress': 'cmake'}
[0.009014] (motion_specification_interfaces) Command: {'cmd': ['/usr/bin/cmake', '/home/linux/Master-thesis/Project-Code/ros2_ws/src/freddy_single_arm_control/motion_specification_interfaces', '-DCMAKE_INSTALL_PREFIX=/home/linux/Master-thesis/Project-Code/ros2_ws/src/freddy_single_arm_control/install/motion_specification_interfaces'], 'cwd': '/home/linux/Master-thesis/Project-Code/ros2_ws/src/freddy_single_arm_control/build/motion_specification_interfaces', 'env': OrderedDict({'GJS_DEBUG_TOPICS': 'JS ERROR;JS LOG', 'XDG_ACTIVATION_TOKEN': 'gnome-shell/Terminator/2362-1-linux-Aspire-A515-57_TIME851154', 'LESSOPEN': '| /usr/bin/lesspipe %s', 'USER': 'linux', 'LC_TIME': 'de_DE.UTF-8', 'XDG_SESSION_TYPE': 'wayland', 'CLUTTER_DISABLE_MIPMAPPED_TEXT': '1', 'SHLVL': '1', 'LD_LIBRARY_PATH': '/home/linux/Master-thesis/Project-Code/ros2_ws/install/motion_specification_action/lib:/home/linux/Master-thesis/Project-Code/ros2_ws/install/motion_specification_interfaces/lib:/home/linux/Master-thesis/Project-Code/ros2_ws/install/kinova_mediator/lib:/opt/ros/jazzy/opt/rviz_ogre_vendor/lib:/opt/ros/jazzy/lib/x86_64-linux-gnu:/opt/ros/jazzy/opt/gz_math_vendor/lib:/opt/ros/jazzy/opt/gz_utils_vendor/lib:/opt/ros/jazzy/opt/gz_cmake_vendor/lib:/opt/ros/jazzy/lib', 'HOME': '/home/linux', 'OLDPWD': '/home/linux/Master-thesis/Project-Code/ros2_ws', 'DESKTOP_SESSION': 'ubuntu', 'GIO_LAUNCHED_DESKTOP_FILE': '/usr/share/applications/terminator.desktop', 'ROS_PYTHON_VERSION': '3', 'GNOME_SHELL_SESSION_MODE': 'ubuntu', 'GTK_MODULES': 'gail:atk-bridge', 'LC_MONETARY': 'de_DE.UTF-8', 'MANAGERPID': '2060', 'SYSTEMD_EXEC_PID': '2362', 'GSM_SKIP_SSH_AGENT_WORKAROUND': 'true', 'DBUS_SESSION_BUS_ADDRESS': 'unix:path=/run/user/1000/bus', 'COLORTERM': 'truecolor', 'TERMINATOR_DBUS_NAME': 'net.tenshu.Terminator25ef4b219e3b005583550f2b0f9f990c3', 'GIO_LAUNCHED_DESKTOP_FILE_PID': '5441', 'DEBUGINFOD_URLS': 'https://debuginfod.ubuntu.com', 'IM_CONFIG_PHASE': '1', 'WAYLAND_DISPLAY': 'wayland-0', 'COLCON_PREFIX_PATH': '/home/linux/Master-thesis/Project-Code/ros2_ws/install', 'ROS_DISTRO': 'jazzy', 'LOGNAME': 'linux', 'JOURNAL_STREAM': '8:21917', '_': '/usr/bin/colcon', 'ROS_VERSION': '2', 'MEMORY_PRESSURE_WATCH': '/sys/fs/cgroup/user.slice/user-1000.slice/user@1000.service/session.slice/org.gnome.Shell@wayland.service/memory.pressure', 'XDG_SESSION_CLASS': 'user', 'USERNAME': 'linux', 'TERM': 'xterm-256color', 'GNOME_DESKTOP_SESSION_ID': 'this-is-deprecated', 'PATH': '/opt/ros/jazzy/bin:/home/linux/.local/bin:/usr/local/sbin:/usr/local/bin:/usr/sbin:/usr/bin:/sbin:/bin:/usr/games:/usr/local/games:/snap/bin:/snap/bin', 'SESSION_MANAGER': 'local/linux-Aspire-A515-57:@/tmp/.ICE-unix/2311,unix/linux-Aspire-A515-57:/tmp/.ICE-unix/2311', 'INVOCATION_ID': '570a647d19bf4e0da38b9d9818503d08', 'XDG_MENU_PREFIX': 'gnome-', 'LC_ADDRESS': 'de_DE.UTF-8', 'GNOME_SETUP_DISPLAY': ':1', 'XDG_RUNTIME_DIR': '/run/user/1000', 'DISPLAY': ':0', 'TERMINATOR_DBUS_PATH': '/net/tenshu/Terminator2', 'LANG': 'en_US.UTF-8', 'XDG_CURRENT_DESKTOP': 'ubuntu:GNOME', 'LC_TELEPHONE': 'de_DE.UTF-8', 'XMODIFIERS': '@im=ibus', 'XDG_SESSION_DESKTOP': 'ubuntu', 'XAUTHORITY': '/run/user/1000/.mutter-Xwaylandauth.FW1352', 'LS_COLORS': 'rs=0:di=01;34:ln=01;36:mh=00:pi=40;33:so=01;35:do=01;35:bd=40;33;01:cd=40;33;01:or=40;31;01:mi=00:su=37;41:sg=30;43:ca=00:tw=30;42:ow=34;42:st=37;44:ex=01;32:*.tar=01;31:*.tgz=01;31:*.arc=01;31:*.arj=01;31:*.taz=01;31:*.lha=01;31:*.lz4=01;31:*.lzh=01;31:*.lzma=01;31:*.tlz=01;31:*.txz=01;31:*.tzo=01;31:*.t7z=01;31:*.zip=01;31:*.z=01;31:*.dz=01;31:*.gz=01;31:*.lrz=01;31:*.lz=01;31:*.lzo=01;31:*.xz=01;31:*.zst=01;31:*.tzst=01;31:*.bz2=01;31:*.bz=01;31:*.tbz=01;31:*.tbz2=01;31:*.tz=01;31:*.deb=01;31:*.rpm=01;31:*.jar=01;31:*.war=01;31:*.ear=01;31:*.sar=01;31:*.rar=01;31:*.alz=01;31:*.ace=01;31:*.zoo=01;31:*.cpio=01;31:*.7z=01;31:*.rz=01;31:*.cab=01;31:*.wim=01;31:*.swm=01;31:*.dwm=01;31:*.esd=01;31:*.avif=01;35:*.jpg=01;35:*.jpeg=01;35:*.mjpg=01;35:*.mjpeg=01;35:*.gif=01;35:*.bmp=01;35:*.pbm=01;35:*.pgm=01;35:*.ppm=01;35:*.tga=01;35:*.xbm=01;35:*.xpm=01;35:*.tif=01;35:*.tiff=01;35:*.png=01;35:*.svg=01;35:*.svgz=01;35:*.mng=01;35:*.pcx=01;35:*.mov=01;35:*.mpg=01;35:*.mpeg=01;35:*.m2v=01;35:*.mkv=01;35:*.webm=01;35:*.webp=01;35:*.ogm=01;35:*.mp4=01;35:*.m4v=01;35:*.mp4v=01;35:*.vob=01;35:*.qt=01;35:*.nuv=01;35:*.wmv=01;35:*.asf=01;35:*.rm=01;35:*.rmvb=01;35:*.flc=01;35:*.avi=01;35:*.fli=01;35:*.flv=01;35:*.gl=01;35:*.dl=01;35:*.xcf=01;35:*.xwd=01;35:*.yuv=01;35:*.cgm=01;35:*.emf=01;35:*.ogv=01;35:*.ogx=01;35:*.aac=00;36:*.au=00;36:*.flac=00;36:*.m4a=00;36:*.mid=00;36:*.midi=00;36:*.mka=00;36:*.mp3=00;36:*.mpc=00;36:*.ogg=00;36:*.ra=00;36:*.wav=00;36:*.oga=00;36:*.opus=00;36:*.spx=00;36:*.xspf=00;36:*~=00;90:*#=00;90:*.bak=00;90:*.crdownload=00;90:*.dpkg-dist=00;90:*.dpkg-new=00;90:*.dpkg-old=00;90:*.dpkg-tmp=00;90:*.old=00;90:*.orig=00;90:*.part=00;90:*.rej=00;90:*.rpmnew=00;90:*.rpmorig=00;90:*.rpmsave=00;90:*.swp=00;90:*.tmp=00;90:*.ucf-dist=00;90:*.ucf-new=00;90:*.ucf-old=00;90:', 'SSH_AUTH_SOCK': '/run/user/1000/keyring/ssh', 'ROS_DOMAIN_ID': '5', 'AMENT_PREFIX_PATH': '/home/linux/Master-thesis/Project-Code/ros2_ws/install/robot_controller2:/home/linux/Master-thesis/Project-Code/ros2_ws/install/motion_specification_action:/home/linux/Master-thesis/Project-Code/ros2_ws/install/motion_specification_interfaces:/home/linux/Master-thesis/Project-Code/ros2_ws/install/kinova_mediator:/opt/ros/jazzy', 'SHELL': '/bin/bash', 'LC_NAME': 'de_DE.UTF-8', 'TERMINATOR_UUID': 'urn:uuid:b7dbeffb-680b-438d-8ca6-8c0184019e6a', 'QT_ACCESSIBILITY': '1', 'GDMSESSION': 'ubuntu', 'LESSCLOSE': '/usr/bin/lesspipe %s %s', 'LC_MEASUREMENT': 'de_DE.UTF-8', 'GJS_DEBUG_OUTPUT': 'stderr', 'LC_IDENTIFICATION': 'de_DE.UTF-8', 'ROS_AUTOMATIC_DISCOVERY_RANGE': 'SUBNET', 'QT_IM_MODULE': 'ibus', 'PWD': '/home/linux/Master-thesis/Project-Code/ros2_ws/src/freddy_single_arm_control/build/motion_specification_interfaces', 'LC_ALL': 'en_US.UTF-8', 'XDG_CONFIG_DIRS': '/etc/xdg/xdg-ubuntu:/etc/xdg', 'XDG_DATA_DIRS': '/usr/share/ubuntu:/usr/share/gnome:/usr/local/share/:/usr/share/:/var/lib/snapd/desktop', 'PYTHONPATH': '/home/linux/Master-thesis/Project-Code/ros2_ws/install/robot_controller2/lib/python3.12/site-packages:/home/linux/Master-thesis/Project-Code/ros2_ws/install/motion_specification_interfaces/lib/python3.12/site-packages:/opt/ros/jazzy/lib/python3.12/site-packages', 'LC_NUMERIC': 'de_DE.UTF-8', 'LC_PAPER': 'de_DE.UTF-8', 'COLCON': '1', 'MEMORY_PRESSURE_WRITE': 'c29tZSAyMDAwMDAgMjAwMDAwMAA=', 'VTE_VERSION': '7600', 'CMAKE_PREFIX_PATH': '/home/linux/Master-thesis/Project-Code/ros2_ws/install/motion_specification_action:/home/linux/Master-thesis/Project-Code/ros2_ws/install/motion_specification_interfaces:/home/linux/Master-thesis/Project-Code/ros2_ws/install/kinova_mediator:/opt/ros/jazzy/opt/gz_math_vendor:/opt/ros/jazzy/opt/gz_utils_vendor:/opt/ros/jazzy/opt/gz_cmake_vendor:/home/linux/Master-thesis/Project-Code/ros2_ws/install/robot_controller2:/opt/ros/jazzy'}), 'shell': False}
[0.059991] (motion_specification_interfaces) StdoutLine: {'line': b'-- The C compiler identification is GNU 13.3.0\n'}
[0.099229] (-) TimerEvent: {}
[0.102158] (motion_specification_interfaces) StdoutLine: {'line': b'-- The CXX compiler identification is GNU 13.3.0\n'}
[0.119286] (motion_specification_interfaces) StdoutLine: {'line': b'-- Detecting C compiler ABI info\n'}
[0.193049] (motion_specification_interfaces) StdoutLine: {'line': b'-- Detecting C compiler ABI info - done\n'}
[0.199319] (-) TimerEvent: {}
[0.201120] (motion_specification_interfaces) StdoutLine: {'line': b'-- Check for working C compiler: /usr/bin/cc - skipped\n'}
[0.202375] (motion_specification_interfaces) StdoutLine: {'line': b'-- Detecting C compile features\n'}
[0.202690] (motion_specification_interfaces) StdoutLine: {'line': b'-- Detecting C compile features - done\n'}
[0.210978] (motion_specification_interfaces) StdoutLine: {'line': b'-- Detecting CXX compiler ABI info\n'}
[0.282357] (motion_specification_interfaces) StdoutLine: {'line': b'-- Detecting CXX compiler ABI info - done\n'}
[0.289303] (motion_specification_interfaces) StdoutLine: {'line': b'-- Check for working CXX compiler: /usr/bin/c++ - skipped\n'}
[0.289488] (motion_specification_interfaces) StdoutLine: {'line': b'-- Detecting CXX compile features\n'}
[0.289918] (motion_specification_interfaces) StdoutLine: {'line': b'-- Detecting CXX compile features - done\n'}
[0.292160] (motion_specification_interfaces) StdoutLine: {'line': b'-- Found ament_cmake: 2.5.3 (/opt/ros/jazzy/share/ament_cmake/cmake)\n'}
[0.299419] (-) TimerEvent: {}
[0.394819] (motion_specification_interfaces) StdoutLine: {'line': b'-- Found Python3: /usr/bin/python3 (found version "3.12.3") found components: Interpreter \n'}
[0.399541] (-) TimerEvent: {}
[0.490759] (motion_specification_interfaces) StdoutLine: {'line': b'-- Found rosidl_default_generators: 1.6.0 (/opt/ros/jazzy/share/rosidl_default_generators/cmake)\n'}
[0.495871] (motion_specification_interfaces) StdoutLine: {'line': b'-- Using all available rosidl_typesupport_c: rosidl_typesupport_fastrtps_c;rosidl_typesupport_introspection_c\n'}
[0.499642] (-) TimerEvent: {}
[0.539481] (motion_specification_interfaces) StdoutLine: {'line': b'-- Using all available rosidl_typesupport_cpp: rosidl_typesupport_fastrtps_cpp;rosidl_typesupport_introspection_cpp\n'}
[0.571979] (motion_specification_interfaces) StdoutLine: {'line': b'-- Found rosidl_adapter: 4.6.5 (/opt/ros/jazzy/share/rosidl_adapter/cmake)\n'}
[0.599768] (-) TimerEvent: {}
[0.700023] (-) TimerEvent: {}
[0.800258] (-) TimerEvent: {}
[0.900489] (-) TimerEvent: {}
[1.000845] (-) TimerEvent: {}
[1.101107] (-) TimerEvent: {}
[1.121557] (motion_specification_interfaces) StdoutLine: {'line': b'-- Found ament_cmake_ros: 0.12.0 (/opt/ros/jazzy/share/ament_cmake_ros/cmake)\n'}
[1.201239] (-) TimerEvent: {}
[1.301500] (-) TimerEvent: {}
[1.401724] (-) TimerEvent: {}
[1.448571] (motion_specification_interfaces) StdoutLine: {'line': b'-- Using all available rosidl_typesupport_c: rosidl_typesupport_fastrtps_c;rosidl_typesupport_introspection_c\n'}
[1.501817] (-) TimerEvent: {}
[1.602042] (-) TimerEvent: {}
[1.702330] (-) TimerEvent: {}
[1.802534] (-) TimerEvent: {}
[1.869342] (motion_specification_interfaces) StdoutLine: {'line': b'-- Using all available rosidl_typesupport_cpp: rosidl_typesupport_fastrtps_cpp;rosidl_typesupport_introspection_cpp\n'}
[1.872362] (motion_specification_interfaces) StdoutLine: {'line': b'-- Found python_cmake_module: 0.11.1 (/opt/ros/jazzy/share/python_cmake_module/cmake)\n'}
[1.902942] (-) TimerEvent: {}
[1.987559] (motion_specification_interfaces) StdoutLine: {'line': b'-- Found PythonExtra: /usr/bin/python3  \n'}
[2.003005] (-) TimerEvent: {}
[2.103212] (-) TimerEvent: {}
[2.203538] (-) TimerEvent: {}
[2.303785] (-) TimerEvent: {}
[2.324390] (motion_specification_interfaces) StdoutLine: {'line': b'-- Found Python3: /usr/bin/python3 (found version "3.12.3") found components: Interpreter Development NumPy Development.Module Development.Embed \n'}
[2.352421] (motion_specification_interfaces) StdoutLine: {'line': b'-- Found ament_lint_auto: 0.17.1 (/opt/ros/jazzy/share/ament_lint_auto/cmake)\n'}
[2.368623] (motion_specification_interfaces) StdoutLine: {'line': b"-- Added test 'lint_cmake' to check CMake code style\n"}
[2.369355] (motion_specification_interfaces) StdoutLine: {'line': b"-- Added test 'xmllint' to check XML markup files\n"}
[2.371755] (motion_specification_interfaces) StdoutLine: {'line': b'-- Configuring done (2.4s)\n'}
[2.398844] (motion_specification_interfaces) StdoutLine: {'line': b'-- Generating done (0.0s)\n'}
[2.403880] (-) TimerEvent: {}
[2.410151] (motion_specification_interfaces) StdoutLine: {'line': b'-- Build files have been written to: /home/linux/Master-thesis/Project-Code/ros2_ws/src/freddy_single_arm_control/build/motion_specification_interfaces\n'}
[2.417982] (motion_specification_interfaces) CommandEnded: {'returncode': 0}
[2.419265] (motion_specification_interfaces) JobProgress: {'identifier': 'motion_specification_interfaces', 'progress': 'build'}
[2.419306] (motion_specification_interfaces) Command: {'cmd': ['/usr/bin/cmake', '--build', '/home/linux/Master-thesis/Project-Code/ros2_ws/src/freddy_single_arm_control/build/motion_specification_interfaces', '--', '-j12', '-l12'], 'cwd': '/home/linux/Master-thesis/Project-Code/ros2_ws/src/freddy_single_arm_control/build/motion_specification_interfaces', 'env': OrderedDict({'GJS_DEBUG_TOPICS': 'JS ERROR;JS LOG', 'XDG_ACTIVATION_TOKEN': 'gnome-shell/Terminator/2362-1-linux-Aspire-A515-57_TIME851154', 'LESSOPEN': '| /usr/bin/lesspipe %s', 'USER': 'linux', 'LC_TIME': 'de_DE.UTF-8', 'XDG_SESSION_TYPE': 'wayland', 'CLUTTER_DISABLE_MIPMAPPED_TEXT': '1', 'SHLVL': '1', 'LD_LIBRARY_PATH': '/home/linux/Master-thesis/Project-Code/ros2_ws/install/motion_specification_action/lib:/home/linux/Master-thesis/Project-Code/ros2_ws/install/motion_specification_interfaces/lib:/home/linux/Master-thesis/Project-Code/ros2_ws/install/kinova_mediator/lib:/opt/ros/jazzy/opt/rviz_ogre_vendor/lib:/opt/ros/jazzy/lib/x86_64-linux-gnu:/opt/ros/jazzy/opt/gz_math_vendor/lib:/opt/ros/jazzy/opt/gz_utils_vendor/lib:/opt/ros/jazzy/opt/gz_cmake_vendor/lib:/opt/ros/jazzy/lib', 'HOME': '/home/linux', 'OLDPWD': '/home/linux/Master-thesis/Project-Code/ros2_ws', 'DESKTOP_SESSION': 'ubuntu', 'GIO_LAUNCHED_DESKTOP_FILE': '/usr/share/applications/terminator.desktop', 'ROS_PYTHON_VERSION': '3', 'GNOME_SHELL_SESSION_MODE': 'ubuntu', 'GTK_MODULES': 'gail:atk-bridge', 'LC_MONETARY': 'de_DE.UTF-8', 'MANAGERPID': '2060', 'SYSTEMD_EXEC_PID': '2362', 'GSM_SKIP_SSH_AGENT_WORKAROUND': 'true', 'DBUS_SESSION_BUS_ADDRESS': 'unix:path=/run/user/1000/bus', 'COLORTERM': 'truecolor', 'TERMINATOR_DBUS_NAME': 'net.tenshu.Terminator25ef4b219e3b005583550f2b0f9f990c3', 'GIO_LAUNCHED_DESKTOP_FILE_PID': '5441', 'DEBUGINFOD_URLS': 'https://debuginfod.ubuntu.com', 'IM_CONFIG_PHASE': '1', 'WAYLAND_DISPLAY': 'wayland-0', 'COLCON_PREFIX_PATH': '/home/linux/Master-thesis/Project-Code/ros2_ws/install', 'ROS_DISTRO': 'jazzy', 'LOGNAME': 'linux', 'JOURNAL_STREAM': '8:21917', '_': '/usr/bin/colcon', 'ROS_VERSION': '2', 'MEMORY_PRESSURE_WATCH': '/sys/fs/cgroup/user.slice/user-1000.slice/user@1000.service/session.slice/org.gnome.Shell@wayland.service/memory.pressure', 'XDG_SESSION_CLASS': 'user', 'USERNAME': 'linux', 'TERM': 'xterm-256color', 'GNOME_DESKTOP_SESSION_ID': 'this-is-deprecated', 'PATH': '/opt/ros/jazzy/bin:/home/linux/.local/bin:/usr/local/sbin:/usr/local/bin:/usr/sbin:/usr/bin:/sbin:/bin:/usr/games:/usr/local/games:/snap/bin:/snap/bin', 'SESSION_MANAGER': 'local/linux-Aspire-A515-57:@/tmp/.ICE-unix/2311,unix/linux-Aspire-A515-57:/tmp/.ICE-unix/2311', 'INVOCATION_ID': '570a647d19bf4e0da38b9d9818503d08', 'XDG_MENU_PREFIX': 'gnome-', 'LC_ADDRESS': 'de_DE.UTF-8', 'GNOME_SETUP_DISPLAY': ':1', 'XDG_RUNTIME_DIR': '/run/user/1000', 'DISPLAY': ':0', 'TERMINATOR_DBUS_PATH': '/net/tenshu/Terminator2', 'LANG': 'en_US.UTF-8', 'XDG_CURRENT_DESKTOP': 'ubuntu:GNOME', 'LC_TELEPHONE': 'de_DE.UTF-8', 'XMODIFIERS': '@im=ibus', 'XDG_SESSION_DESKTOP': 'ubuntu', 'XAUTHORITY': '/run/user/1000/.mutter-Xwaylandauth.FW1352', 'LS_COLORS': 'rs=0:di=01;34:ln=01;36:mh=00:pi=40;33:so=01;35:do=01;35:bd=40;33;01:cd=40;33;01:or=40;31;01:mi=00:su=37;41:sg=30;43:ca=00:tw=30;42:ow=34;42:st=37;44:ex=01;32:*.tar=01;31:*.tgz=01;31:*.arc=01;31:*.arj=01;31:*.taz=01;31:*.lha=01;31:*.lz4=01;31:*.lzh=01;31:*.lzma=01;31:*.tlz=01;31:*.txz=01;31:*.tzo=01;31:*.t7z=01;31:*.zip=01;31:*.z=01;31:*.dz=01;31:*.gz=01;31:*.lrz=01;31:*.lz=01;31:*.lzo=01;31:*.xz=01;31:*.zst=01;31:*.tzst=01;31:*.bz2=01;31:*.bz=01;31:*.tbz=01;31:*.tbz2=01;31:*.tz=01;31:*.deb=01;31:*.rpm=01;31:*.jar=01;31:*.war=01;31:*.ear=01;31:*.sar=01;31:*.rar=01;31:*.alz=01;31:*.ace=01;31:*.zoo=01;31:*.cpio=01;31:*.7z=01;31:*.rz=01;31:*.cab=01;31:*.wim=01;31:*.swm=01;31:*.dwm=01;31:*.esd=01;31:*.avif=01;35:*.jpg=01;35:*.jpeg=01;35:*.mjpg=01;35:*.mjpeg=01;35:*.gif=01;35:*.bmp=01;35:*.pbm=01;35:*.pgm=01;35:*.ppm=01;35:*.tga=01;35:*.xbm=01;35:*.xpm=01;35:*.tif=01;35:*.tiff=01;35:*.png=01;35:*.svg=01;35:*.svgz=01;35:*.mng=01;35:*.pcx=01;35:*.mov=01;35:*.mpg=01;35:*.mpeg=01;35:*.m2v=01;35:*.mkv=01;35:*.webm=01;35:*.webp=01;35:*.ogm=01;35:*.mp4=01;35:*.m4v=01;35:*.mp4v=01;35:*.vob=01;35:*.qt=01;35:*.nuv=01;35:*.wmv=01;35:*.asf=01;35:*.rm=01;35:*.rmvb=01;35:*.flc=01;35:*.avi=01;35:*.fli=01;35:*.flv=01;35:*.gl=01;35:*.dl=01;35:*.xcf=01;35:*.xwd=01;35:*.yuv=01;35:*.cgm=01;35:*.emf=01;35:*.ogv=01;35:*.ogx=01;35:*.aac=00;36:*.au=00;36:*.flac=00;36:*.m4a=00;36:*.mid=00;36:*.midi=00;36:*.mka=00;36:*.mp3=00;36:*.mpc=00;36:*.ogg=00;36:*.ra=00;36:*.wav=00;36:*.oga=00;36:*.opus=00;36:*.spx=00;36:*.xspf=00;36:*~=00;90:*#=00;90:*.bak=00;90:*.crdownload=00;90:*.dpkg-dist=00;90:*.dpkg-new=00;90:*.dpkg-old=00;90:*.dpkg-tmp=00;90:*.old=00;90:*.orig=00;90:*.part=00;90:*.rej=00;90:*.rpmnew=00;90:*.rpmorig=00;90:*.rpmsave=00;90:*.swp=00;90:*.tmp=00;90:*.ucf-dist=00;90:*.ucf-new=00;90:*.ucf-old=00;90:', 'SSH_AUTH_SOCK': '/run/user/1000/keyring/ssh', 'ROS_DOMAIN_ID': '5', 'AMENT_PREFIX_PATH': '/home/linux/Master-thesis/Project-Code/ros2_ws/install/robot_controller2:/home/linux/Master-thesis/Project-Code/ros2_ws/install/motion_specification_action:/home/linux/Master-thesis/Project-Code/ros2_ws/install/motion_specification_interfaces:/home/linux/Master-thesis/Project-Code/ros2_ws/install/kinova_mediator:/opt/ros/jazzy', 'SHELL': '/bin/bash', 'LC_NAME': 'de_DE.UTF-8', 'TERMINATOR_UUID': 'urn:uuid:b7dbeffb-680b-438d-8ca6-8c0184019e6a', 'QT_ACCESSIBILITY': '1', 'GDMSESSION': 'ubuntu', 'LESSCLOSE': '/usr/bin/lesspipe %s %s', 'LC_MEASUREMENT': 'de_DE.UTF-8', 'GJS_DEBUG_OUTPUT': 'stderr', 'LC_IDENTIFICATION': 'de_DE.UTF-8', 'ROS_AUTOMATIC_DISCOVERY_RANGE': 'SUBNET', 'QT_IM_MODULE': 'ibus', 'PWD': '/home/linux/Master-thesis/Project-Code/ros2_ws/src/freddy_single_arm_control/build/motion_specification_interfaces', 'LC_ALL': 'en_US.UTF-8', 'XDG_CONFIG_DIRS': '/etc/xdg/xdg-ubuntu:/etc/xdg', 'XDG_DATA_DIRS': '/usr/share/ubuntu:/usr/share/gnome:/usr/local/share/:/usr/share/:/var/lib/snapd/desktop', 'PYTHONPATH': '/home/linux/Master-thesis/Project-Code/ros2_ws/install/robot_controller2/lib/python3.12/site-packages:/home/linux/Master-thesis/Project-Code/ros2_ws/install/motion_specification_interfaces/lib/python3.12/site-packages:/opt/ros/jazzy/lib/python3.12/site-packages', 'LC_NUMERIC': 'de_DE.UTF-8', 'LC_PAPER': 'de_DE.UTF-8', 'COLCON': '1', 'MEMORY_PRESSURE_WRITE': 'c29tZSAyMDAwMDAgMjAwMDAwMAA=', 'VTE_VERSION': '7600', 'CMAKE_PREFIX_PATH': '/home/linux/Master-thesis/Project-Code/ros2_ws/install/motion_specification_action:/home/linux/Master-thesis/Project-Code/ros2_ws/install/motion_specification_interfaces:/home/linux/Master-thesis/Project-Code/ros2_ws/install/kinova_mediator:/opt/ros/jazzy/opt/gz_math_vendor:/opt/ros/jazzy/opt/gz_utils_vendor:/opt/ros/jazzy/opt/gz_cmake_vendor:/home/linux/Master-thesis/Project-Code/ros2_ws/install/robot_controller2:/opt/ros/jazzy'}), 'shell': False}
[2.461079] (motion_specification_interfaces) StdoutLine: {'line': b'[  2%] \x1b[34m\x1b[1mGenerating type hashes for ROS interfaces\x1b[0m\n'}
[2.465392] (motion_specification_interfaces) StdoutLine: {'line': b'[  2%] Built target ament_cmake_python_copy_motion_specification_interfaces\n'}
[2.503976] (-) TimerEvent: {}
[2.604252] (-) TimerEvent: {}
[2.624909] (motion_specification_interfaces) StdoutLine: {'line': b'[  2%] Built target motion_specification_interfaces__rosidl_generator_type_description\n'}
[2.633278] (motion_specification_interfaces) StdoutLine: {'line': b'running egg_info\n'}
[2.634039] (motion_specification_interfaces) StdoutLine: {'line': b'creating motion_specification_interfaces.egg-info\n'}
[2.636620] (motion_specification_interfaces) StdoutLine: {'line': b'[  5%] \x1b[34m\x1b[1mGenerating C code for ROS interfaces\x1b[0m\n'}
[2.646161] (motion_specification_interfaces) StdoutLine: {'line': b'[  8%] \x1b[34m\x1b[1mGenerating C++ code for ROS interfaces\x1b[0m\n'}
[2.652398] (motion_specification_interfaces) StdoutLine: {'line': b'writing motion_specification_interfaces.egg-info/PKG-INFO\n'}
[2.652640] (motion_specification_interfaces) StdoutLine: {'line': b'writing dependency_links to motion_specification_interfaces.egg-info/dependency_links.txt\n'}
[2.652743] (motion_specification_interfaces) StdoutLine: {'line': b'writing top-level names to motion_specification_interfaces.egg-info/top_level.txt\n'}
[2.652866] (motion_specification_interfaces) StdoutLine: {'line': b"writing manifest file 'motion_specification_interfaces.egg-info/SOURCES.txt'\n"}
[2.694341] (motion_specification_interfaces) StdoutLine: {'line': b"reading manifest file 'motion_specification_interfaces.egg-info/SOURCES.txt'\n"}
[2.694901] (motion_specification_interfaces) StdoutLine: {'line': b"writing manifest file 'motion_specification_interfaces.egg-info/SOURCES.txt'\n"}
[2.704378] (-) TimerEvent: {}
[2.725183] (motion_specification_interfaces) StdoutLine: {'line': b'[  8%] Built target ament_cmake_python_build_motion_specification_interfaces_egg\n'}
[2.804481] (-) TimerEvent: {}
[2.904776] (-) TimerEvent: {}
[3.004875] (motion_specification_interfaces) StdoutLine: {'line': b'[  8%] Built target motion_specification_interfaces__cpp\n'}
[3.005140] (-) TimerEvent: {}
[3.035271] (motion_specification_interfaces) StdoutLine: {'line': b'[ 11%] \x1b[32mBuilding C object CMakeFiles/motion_specification_interfaces__rosidl_generator_c.dir/rosidl_generator_c/motion_specification_interfaces/action/detail/motion_specification__type_support.c.o\x1b[0m\n'}
[3.035653] (motion_specification_interfaces) StdoutLine: {'line': b'[ 14%] \x1b[32mBuilding C object CMakeFiles/motion_specification_interfaces__rosidl_generator_c.dir/rosidl_generator_c/motion_specification_interfaces/action/detail/motion_specification__functions.c.o\x1b[0m\n'}
[3.035798] (motion_specification_interfaces) StdoutLine: {'line': b'[ 17%] \x1b[32mBuilding C object CMakeFiles/motion_specification_interfaces__rosidl_generator_c.dir/rosidl_generator_c/motion_specification_interfaces/action/detail/motion_specification__description.c.o\x1b[0m\n'}
[3.105250] (-) TimerEvent: {}
[3.160310] (motion_specification_interfaces) StdoutLine: {'line': b'[ 20%] \x1b[32m\x1b[1mLinking C shared library libmotion_specification_interfaces__rosidl_generator_c.so\x1b[0m\n'}
[3.190132] (motion_specification_interfaces) StdoutLine: {'line': b'[ 20%] Built target motion_specification_interfaces__rosidl_generator_c\n'}
[3.198898] (motion_specification_interfaces) StdoutLine: {'line': b'[ 23%] \x1b[34m\x1b[1mGenerating C introspection for ROS interfaces\x1b[0m\n'}
[3.199162] (motion_specification_interfaces) StdoutLine: {'line': b'[ 26%] \x1b[34m\x1b[1mGenerating C type support for eProsima Fast-RTPS\x1b[0m\n'}
[3.199398] (motion_specification_interfaces) StdoutLine: {'line': b'[ 32%] \x1b[34m\x1b[1mGenerating C++ type support for eProsima Fast-RTPS\x1b[0m\n'}
[3.199559] (motion_specification_interfaces) StdoutLine: {'line': b'[ 32%] \x1b[34m\x1b[1mGenerating C type support dispatch for ROS interfaces\x1b[0m\n'}
[3.202612] (motion_specification_interfaces) StdoutLine: {'line': b'[ 38%] \x1b[34m\x1b[1mGenerating C++ type support dispatch for ROS interfaces\x1b[0m\n'}
[3.202819] (motion_specification_interfaces) StdoutLine: {'line': b'[ 38%] \x1b[34m\x1b[1mGenerating C++ introspection for ROS interfaces\x1b[0m\n'}
[3.205341] (-) TimerEvent: {}
[3.305587] (-) TimerEvent: {}
[3.405840] (-) TimerEvent: {}
[3.499050] (motion_specification_interfaces) StdoutLine: {'line': b'[ 41%] \x1b[32mBuilding CXX object CMakeFiles/motion_specification_interfaces__rosidl_typesupport_cpp.dir/rosidl_typesupport_cpp/motion_specification_interfaces/action/motion_specification__type_support.cpp.o\x1b[0m\n'}
[3.505943] (-) TimerEvent: {}
[3.515988] (motion_specification_interfaces) StdoutLine: {'line': b'[ 44%] \x1b[32mBuilding CXX object CMakeFiles/motion_specification_interfaces__rosidl_typesupport_introspection_cpp.dir/rosidl_typesupport_introspection_cpp/motion_specification_interfaces/action/detail/motion_specification__type_support.cpp.o\x1b[0m\n'}
[3.527325] (motion_specification_interfaces) StdoutLine: {'line': b'[ 47%] \x1b[32mBuilding C object CMakeFiles/motion_specification_interfaces__rosidl_typesupport_introspection_c.dir/rosidl_typesupport_introspection_c/motion_specification_interfaces/action/detail/motion_specification__type_support.c.o\x1b[0m\n'}
[3.551583] (motion_specification_interfaces) StdoutLine: {'line': b'[ 50%] \x1b[32mBuilding CXX object CMakeFiles/motion_specification_interfaces__rosidl_typesupport_c.dir/rosidl_typesupport_c/motion_specification_interfaces/action/motion_specification__type_support.cpp.o\x1b[0m\n'}
[3.596753] (motion_specification_interfaces) StdoutLine: {'line': b'[ 52%] \x1b[32m\x1b[1mLinking C shared library libmotion_specification_interfaces__rosidl_typesupport_introspection_c.so\x1b[0m\n'}
[3.601335] (motion_specification_interfaces) StdoutLine: {'line': b'[ 55%] \x1b[32m\x1b[1mLinking CXX shared library libmotion_specification_interfaces__rosidl_typesupport_c.so\x1b[0m\n'}
[3.606037] (-) TimerEvent: {}
[3.609367] (motion_specification_interfaces) StdoutLine: {'line': b'[ 58%] \x1b[32mBuilding CXX object CMakeFiles/motion_specification_interfaces__rosidl_typesupport_fastrtps_cpp.dir/rosidl_typesupport_fastrtps_cpp/motion_specification_interfaces/action/detail/dds_fastrtps/motion_specification__type_support.cpp.o\x1b[0m\n'}
[3.624425] (motion_specification_interfaces) StdoutLine: {'line': b'[ 58%] Built target motion_specification_interfaces__rosidl_typesupport_introspection_c\n'}
[3.638616] (motion_specification_interfaces) StdoutLine: {'line': b'[ 58%] Built target motion_specification_interfaces__rosidl_typesupport_c\n'}
[3.706400] (-) TimerEvent: {}
[3.806737] (-) TimerEvent: {}
[3.811580] (motion_specification_interfaces) StdoutLine: {'line': b'[ 61%] \x1b[32mBuilding CXX object CMakeFiles/motion_specification_interfaces__rosidl_typesupport_fastrtps_c.dir/rosidl_typesupport_fastrtps_c/motion_specification_interfaces/action/detail/motion_specification__type_support_c.cpp.o\x1b[0m\n'}
[3.906842] (-) TimerEvent: {}
[4.007129] (-) TimerEvent: {}
[4.107643] (-) TimerEvent: {}
[4.143619] (motion_specification_interfaces) StdoutLine: {'line': b'[ 64%] \x1b[32m\x1b[1mLinking CXX shared library libmotion_specification_interfaces__rosidl_typesupport_cpp.so\x1b[0m\n'}
[4.207702] (-) TimerEvent: {}
[4.250131] (motion_specification_interfaces) StdoutLine: {'line': b'[ 64%] Built target motion_specification_interfaces__rosidl_typesupport_cpp\n'}
[4.253710] (motion_specification_interfaces) StdoutLine: {'line': b'[ 67%] \x1b[32m\x1b[1mLinking CXX shared library libmotion_specification_interfaces__rosidl_typesupport_introspection_cpp.so\x1b[0m\n'}
[4.307837] (-) TimerEvent: {}
[4.330717] (motion_specification_interfaces) StdoutLine: {'line': b'[ 67%] Built target motion_specification_interfaces__rosidl_typesupport_introspection_cpp\n'}
[4.337773] (motion_specification_interfaces) StdoutLine: {'line': b'[ 70%] \x1b[32m\x1b[1mLinking CXX shared library libmotion_specification_interfaces__rosidl_typesupport_fastrtps_c.so\x1b[0m\n'}
[4.402339] (motion_specification_interfaces) StdoutLine: {'line': b'[ 70%] Built target motion_specification_interfaces__rosidl_typesupport_fastrtps_c\n'}
[4.407932] (-) TimerEvent: {}
[4.508306] (-) TimerEvent: {}
[4.550237] (motion_specification_interfaces) StdoutLine: {'line': b'[ 73%] \x1b[32m\x1b[1mLinking CXX shared library libmotion_specification_interfaces__rosidl_typesupport_fastrtps_cpp.so\x1b[0m\n'}
[4.608404] (-) TimerEvent: {}
[4.611616] (motion_specification_interfaces) StdoutLine: {'line': b'[ 73%] Built target motion_specification_interfaces__rosidl_typesupport_fastrtps_cpp\n'}
[4.626785] (motion_specification_interfaces) StdoutLine: {'line': b'[ 73%] Built target motion_specification_interfaces\n'}
[4.647376] (motion_specification_interfaces) StdoutLine: {'line': b'[ 76%] \x1b[34m\x1b[1mGenerating Python code for ROS interfaces\x1b[0m\n'}
[4.708489] (-) TimerEvent: {}
[4.808702] (-) TimerEvent: {}
[4.908910] (-) TimerEvent: {}
[5.009134] (-) TimerEvent: {}
[5.109384] (-) TimerEvent: {}
[5.138190] (motion_specification_interfaces) StdoutLine: {'line': b'[ 76%] Built target motion_specification_interfaces__py\n'}
[5.153865] (motion_specification_interfaces) StdoutLine: {'line': b'[ 79%] \x1b[32mBuilding C object CMakeFiles/motion_specification_interfaces__rosidl_generator_py.dir/rosidl_generator_py/motion_specification_interfaces/action/_motion_specification_s.c.o\x1b[0m\n'}
[5.209475] (-) TimerEvent: {}
[5.309716] (-) TimerEvent: {}
[5.319904] (motion_specification_interfaces) StdoutLine: {'line': b'[ 82%] \x1b[32m\x1b[1mLinking C shared library libmotion_specification_interfaces__rosidl_generator_py.so\x1b[0m\n'}
[5.354827] (motion_specification_interfaces) StdoutLine: {'line': b'[ 82%] Built target motion_specification_interfaces__rosidl_generator_py\n'}
[5.368976] (motion_specification_interfaces) StdoutLine: {'line': b'[ 88%] \x1b[32mBuilding C object CMakeFiles/motion_specification_interfaces_s__rosidl_typesupport_introspection_c.dir/rosidl_generator_py/motion_specification_interfaces/_motion_specification_interfaces_s.ep.rosidl_typesupport_introspection_c.c.o\x1b[0m\n'}
[5.369129] (motion_specification_interfaces) StdoutLine: {'line': b'[ 88%] \x1b[32mBuilding C object CMakeFiles/motion_specification_interfaces_s__rosidl_typesupport_c.dir/rosidl_generator_py/motion_specification_interfaces/_motion_specification_interfaces_s.ep.rosidl_typesupport_c.c.o\x1b[0m\n'}
[5.370723] (motion_specification_interfaces) StdoutLine: {'line': b'[ 91%] \x1b[32mBuilding C object CMakeFiles/motion_specification_interfaces_s__rosidl_typesupport_fastrtps_c.dir/rosidl_generator_py/motion_specification_interfaces/_motion_specification_interfaces_s.ep.rosidl_typesupport_fastrtps_c.c.o\x1b[0m\n'}
[5.409826] (-) TimerEvent: {}
[5.465408] (motion_specification_interfaces) StdoutLine: {'line': b'[ 94%] \x1b[32m\x1b[1mLinking C shared module rosidl_generator_py/motion_specification_interfaces/motion_specification_interfaces_s__rosidl_typesupport_c.so\x1b[0m\n'}
[5.465672] (motion_specification_interfaces) StdoutLine: {'line': b'[ 97%] \x1b[32m\x1b[1mLinking C shared module rosidl_generator_py/motion_specification_interfaces/motion_specification_interfaces_s__rosidl_typesupport_introspection_c.so\x1b[0m\n'}
[5.469366] (motion_specification_interfaces) StdoutLine: {'line': b'[100%] \x1b[32m\x1b[1mLinking C shared module rosidl_generator_py/motion_specification_interfaces/motion_specification_interfaces_s__rosidl_typesupport_fastrtps_c.so\x1b[0m\n'}
[5.488233] (motion_specification_interfaces) StdoutLine: {'line': b'[100%] Built target motion_specification_interfaces_s__rosidl_typesupport_introspection_c\n'}
[5.488789] (motion_specification_interfaces) StdoutLine: {'line': b'[100%] Built target motion_specification_interfaces_s__rosidl_typesupport_c\n'}
[5.493662] (motion_specification_interfaces) StdoutLine: {'line': b'[100%] Built target motion_specification_interfaces_s__rosidl_typesupport_fastrtps_c\n'}
[5.501734] (motion_specification_interfaces) CommandEnded: {'returncode': 0}
[5.502279] (motion_specification_interfaces) JobProgress: {'identifier': 'motion_specification_interfaces', 'progress': 'install'}
[5.508529] (motion_specification_interfaces) Command: {'cmd': ['/usr/bin/cmake', '--install', '/home/linux/Master-thesis/Project-Code/ros2_ws/src/freddy_single_arm_control/build/motion_specification_interfaces'], 'cwd': '/home/linux/Master-thesis/Project-Code/ros2_ws/src/freddy_single_arm_control/build/motion_specification_interfaces', 'env': OrderedDict({'GJS_DEBUG_TOPICS': 'JS ERROR;JS LOG', 'XDG_ACTIVATION_TOKEN': 'gnome-shell/Terminator/2362-1-linux-Aspire-A515-57_TIME851154', 'LESSOPEN': '| /usr/bin/lesspipe %s', 'USER': 'linux', 'LC_TIME': 'de_DE.UTF-8', 'XDG_SESSION_TYPE': 'wayland', 'CLUTTER_DISABLE_MIPMAPPED_TEXT': '1', 'SHLVL': '1', 'LD_LIBRARY_PATH': '/home/linux/Master-thesis/Project-Code/ros2_ws/install/motion_specification_action/lib:/home/linux/Master-thesis/Project-Code/ros2_ws/install/motion_specification_interfaces/lib:/home/linux/Master-thesis/Project-Code/ros2_ws/install/kinova_mediator/lib:/opt/ros/jazzy/opt/rviz_ogre_vendor/lib:/opt/ros/jazzy/lib/x86_64-linux-gnu:/opt/ros/jazzy/opt/gz_math_vendor/lib:/opt/ros/jazzy/opt/gz_utils_vendor/lib:/opt/ros/jazzy/opt/gz_cmake_vendor/lib:/opt/ros/jazzy/lib', 'HOME': '/home/linux', 'OLDPWD': '/home/linux/Master-thesis/Project-Code/ros2_ws', 'DESKTOP_SESSION': 'ubuntu', 'GIO_LAUNCHED_DESKTOP_FILE': '/usr/share/applications/terminator.desktop', 'ROS_PYTHON_VERSION': '3', 'GNOME_SHELL_SESSION_MODE': 'ubuntu', 'GTK_MODULES': 'gail:atk-bridge', 'LC_MONETARY': 'de_DE.UTF-8', 'MANAGERPID': '2060', 'SYSTEMD_EXEC_PID': '2362', 'GSM_SKIP_SSH_AGENT_WORKAROUND': 'true', 'DBUS_SESSION_BUS_ADDRESS': 'unix:path=/run/user/1000/bus', 'COLORTERM': 'truecolor', 'TERMINATOR_DBUS_NAME': 'net.tenshu.Terminator25ef4b219e3b005583550f2b0f9f990c3', 'GIO_LAUNCHED_DESKTOP_FILE_PID': '5441', 'DEBUGINFOD_URLS': 'https://debuginfod.ubuntu.com', 'IM_CONFIG_PHASE': '1', 'WAYLAND_DISPLAY': 'wayland-0', 'COLCON_PREFIX_PATH': '/home/linux/Master-thesis/Project-Code/ros2_ws/install', 'ROS_DISTRO': 'jazzy', 'LOGNAME': 'linux', 'JOURNAL_STREAM': '8:21917', '_': '/usr/bin/colcon', 'ROS_VERSION': '2', 'MEMORY_PRESSURE_WATCH': '/sys/fs/cgroup/user.slice/user-1000.slice/user@1000.service/session.slice/org.gnome.Shell@wayland.service/memory.pressure', 'XDG_SESSION_CLASS': 'user', 'USERNAME': 'linux', 'TERM': 'xterm-256color', 'GNOME_DESKTOP_SESSION_ID': 'this-is-deprecated', 'PATH': '/opt/ros/jazzy/bin:/home/linux/.local/bin:/usr/local/sbin:/usr/local/bin:/usr/sbin:/usr/bin:/sbin:/bin:/usr/games:/usr/local/games:/snap/bin:/snap/bin', 'SESSION_MANAGER': 'local/linux-Aspire-A515-57:@/tmp/.ICE-unix/2311,unix/linux-Aspire-A515-57:/tmp/.ICE-unix/2311', 'INVOCATION_ID': '570a647d19bf4e0da38b9d9818503d08', 'XDG_MENU_PREFIX': 'gnome-', 'LC_ADDRESS': 'de_DE.UTF-8', 'GNOME_SETUP_DISPLAY': ':1', 'XDG_RUNTIME_DIR': '/run/user/1000', 'DISPLAY': ':0', 'TERMINATOR_DBUS_PATH': '/net/tenshu/Terminator2', 'LANG': 'en_US.UTF-8', 'XDG_CURRENT_DESKTOP': 'ubuntu:GNOME', 'LC_TELEPHONE': 'de_DE.UTF-8', 'XMODIFIERS': '@im=ibus', 'XDG_SESSION_DESKTOP': 'ubuntu', 'XAUTHORITY': '/run/user/1000/.mutter-Xwaylandauth.FW1352', 'LS_COLORS': 'rs=0:di=01;34:ln=01;36:mh=00:pi=40;33:so=01;35:do=01;35:bd=40;33;01:cd=40;33;01:or=40;31;01:mi=00:su=37;41:sg=30;43:ca=00:tw=30;42:ow=34;42:st=37;44:ex=01;32:*.tar=01;31:*.tgz=01;31:*.arc=01;31:*.arj=01;31:*.taz=01;31:*.lha=01;31:*.lz4=01;31:*.lzh=01;31:*.lzma=01;31:*.tlz=01;31:*.txz=01;31:*.tzo=01;31:*.t7z=01;31:*.zip=01;31:*.z=01;31:*.dz=01;31:*.gz=01;31:*.lrz=01;31:*.lz=01;31:*.lzo=01;31:*.xz=01;31:*.zst=01;31:*.tzst=01;31:*.bz2=01;31:*.bz=01;31:*.tbz=01;31:*.tbz2=01;31:*.tz=01;31:*.deb=01;31:*.rpm=01;31:*.jar=01;31:*.war=01;31:*.ear=01;31:*.sar=01;31:*.rar=01;31:*.alz=01;31:*.ace=01;31:*.zoo=01;31:*.cpio=01;31:*.7z=01;31:*.rz=01;31:*.cab=01;31:*.wim=01;31:*.swm=01;31:*.dwm=01;31:*.esd=01;31:*.avif=01;35:*.jpg=01;35:*.jpeg=01;35:*.mjpg=01;35:*.mjpeg=01;35:*.gif=01;35:*.bmp=01;35:*.pbm=01;35:*.pgm=01;35:*.ppm=01;35:*.tga=01;35:*.xbm=01;35:*.xpm=01;35:*.tif=01;35:*.tiff=01;35:*.png=01;35:*.svg=01;35:*.svgz=01;35:*.mng=01;35:*.pcx=01;35:*.mov=01;35:*.mpg=01;35:*.mpeg=01;35:*.m2v=01;35:*.mkv=01;35:*.webm=01;35:*.webp=01;35:*.ogm=01;35:*.mp4=01;35:*.m4v=01;35:*.mp4v=01;35:*.vob=01;35:*.qt=01;35:*.nuv=01;35:*.wmv=01;35:*.asf=01;35:*.rm=01;35:*.rmvb=01;35:*.flc=01;35:*.avi=01;35:*.fli=01;35:*.flv=01;35:*.gl=01;35:*.dl=01;35:*.xcf=01;35:*.xwd=01;35:*.yuv=01;35:*.cgm=01;35:*.emf=01;35:*.ogv=01;35:*.ogx=01;35:*.aac=00;36:*.au=00;36:*.flac=00;36:*.m4a=00;36:*.mid=00;36:*.midi=00;36:*.mka=00;36:*.mp3=00;36:*.mpc=00;36:*.ogg=00;36:*.ra=00;36:*.wav=00;36:*.oga=00;36:*.opus=00;36:*.spx=00;36:*.xspf=00;36:*~=00;90:*#=00;90:*.bak=00;90:*.crdownload=00;90:*.dpkg-dist=00;90:*.dpkg-new=00;90:*.dpkg-old=00;90:*.dpkg-tmp=00;90:*.old=00;90:*.orig=00;90:*.part=00;90:*.rej=00;90:*.rpmnew=00;90:*.rpmorig=00;90:*.rpmsave=00;90:*.swp=00;90:*.tmp=00;90:*.ucf-dist=00;90:*.ucf-new=00;90:*.ucf-old=00;90:', 'SSH_AUTH_SOCK': '/run/user/1000/keyring/ssh', 'ROS_DOMAIN_ID': '5', 'AMENT_PREFIX_PATH': '/home/linux/Master-thesis/Project-Code/ros2_ws/install/robot_controller2:/home/linux/Master-thesis/Project-Code/ros2_ws/install/motion_specification_action:/home/linux/Master-thesis/Project-Code/ros2_ws/install/motion_specification_interfaces:/home/linux/Master-thesis/Project-Code/ros2_ws/install/kinova_mediator:/opt/ros/jazzy', 'SHELL': '/bin/bash', 'LC_NAME': 'de_DE.UTF-8', 'TERMINATOR_UUID': 'urn:uuid:b7dbeffb-680b-438d-8ca6-8c0184019e6a', 'QT_ACCESSIBILITY': '1', 'GDMSESSION': 'ubuntu', 'LESSCLOSE': '/usr/bin/lesspipe %s %s', 'LC_MEASUREMENT': 'de_DE.UTF-8', 'GJS_DEBUG_OUTPUT': 'stderr', 'LC_IDENTIFICATION': 'de_DE.UTF-8', 'ROS_AUTOMATIC_DISCOVERY_RANGE': 'SUBNET', 'QT_IM_MODULE': 'ibus', 'PWD': '/home/linux/Master-thesis/Project-Code/ros2_ws/src/freddy_single_arm_control/build/motion_specification_interfaces', 'LC_ALL': 'en_US.UTF-8', 'XDG_CONFIG_DIRS': '/etc/xdg/xdg-ubuntu:/etc/xdg', 'XDG_DATA_DIRS': '/usr/share/ubuntu:/usr/share/gnome:/usr/local/share/:/usr/share/:/var/lib/snapd/desktop', 'PYTHONPATH': '/home/linux/Master-thesis/Project-Code/ros2_ws/install/robot_controller2/lib/python3.12/site-packages:/home/linux/Master-thesis/Project-Code/ros2_ws/install/motion_specification_interfaces/lib/python3.12/site-packages:/opt/ros/jazzy/lib/python3.12/site-packages', 'LC_NUMERIC': 'de_DE.UTF-8', 'LC_PAPER': 'de_DE.UTF-8', 'COLCON': '1', 'MEMORY_PRESSURE_WRITE': 'c29tZSAyMDAwMDAgMjAwMDAwMAA=', 'VTE_VERSION': '7600', 'CMAKE_PREFIX_PATH': '/home/linux/Master-thesis/Project-Code/ros2_ws/install/motion_specification_action:/home/linux/Master-thesis/Project-Code/ros2_ws/install/motion_specification_interfaces:/home/linux/Master-thesis/Project-Code/ros2_ws/install/kinova_mediator:/opt/ros/jazzy/opt/gz_math_vendor:/opt/ros/jazzy/opt/gz_utils_vendor:/opt/ros/jazzy/opt/gz_cmake_vendor:/home/linux/Master-thesis/Project-Code/ros2_ws/install/robot_controller2:/opt/ros/jazzy'}), 'shell': False}
[5.509885] (-) TimerEvent: {}
[5.515728] (motion_specification_interfaces) StdoutLine: {'line': b'-- Install configuration: ""\n'}
[5.515917] (motion_specification_interfaces) StdoutLine: {'line': b'-- Installing: /home/linux/Master-thesis/Project-Code/ros2_ws/src/freddy_single_arm_control/install/motion_specification_interfaces/share/ament_index/resource_index/rosidl_interfaces/motion_specification_interfaces\n'}
[5.516066] (motion_specification_interfaces) StdoutLine: {'line': b'-- Installing: /home/linux/Master-thesis/Project-Code/ros2_ws/src/freddy_single_arm_control/install/motion_specification_interfaces/share/motion_specification_interfaces/action/MotionSpecification.json\n'}
[5.516173] (motion_specification_interfaces) StdoutLine: {'line': b'-- Installing: /home/linux/Master-thesis/Project-Code/ros2_ws/src/freddy_single_arm_control/install/motion_specification_interfaces/include/motion_specification_interfaces/motion_specification_interfaces\n'}
[5.516286] (motion_specification_interfaces) StdoutLine: {'line': b'-- Installing: /home/linux/Master-thesis/Project-Code/ros2_ws/src/freddy_single_arm_control/install/motion_specification_interfaces/include/motion_specification_interfaces/motion_specification_interfaces/msg\n'}
[5.516377] (motion_specification_interfaces) StdoutLine: {'line': b'-- Installing: /home/linux/Master-thesis/Project-Code/ros2_ws/src/freddy_single_arm_control/install/motion_specification_interfaces/include/motion_specification_interfaces/motion_specification_interfaces/msg/rosidl_generator_c__visibility_control.h\n'}
[5.516475] (motion_specification_interfaces) StdoutLine: {'line': b'-- Installing: /home/linux/Master-thesis/Project-Code/ros2_ws/src/freddy_single_arm_control/install/motion_specification_interfaces/include/motion_specification_interfaces/motion_specification_interfaces/action\n'}
[5.516566] (motion_specification_interfaces) StdoutLine: {'line': b'-- Installing: /home/linux/Master-thesis/Project-Code/ros2_ws/src/freddy_single_arm_control/install/motion_specification_interfaces/include/motion_specification_interfaces/motion_specification_interfaces/action/detail\n'}
[5.516651] (motion_specification_interfaces) StdoutLine: {'line': b'-- Installing: /home/linux/Master-thesis/Project-Code/ros2_ws/src/freddy_single_arm_control/install/motion_specification_interfaces/include/motion_specification_interfaces/motion_specification_interfaces/action/detail/motion_specification__functions.h\n'}
[5.516728] (motion_specification_interfaces) StdoutLine: {'line': b'-- Installing: /home/linux/Master-thesis/Project-Code/ros2_ws/src/freddy_single_arm_control/install/motion_specification_interfaces/include/motion_specification_interfaces/motion_specification_interfaces/action/detail/motion_specification__functions.c\n'}
[5.516839] (motion_specification_interfaces) StdoutLine: {'line': b'-- Installing: /home/linux/Master-thesis/Project-Code/ros2_ws/src/freddy_single_arm_control/install/motion_specification_interfaces/include/motion_specification_interfaces/motion_specification_interfaces/action/detail/motion_specification__type_support.h\n'}
[5.516934] (motion_specification_interfaces) StdoutLine: {'line': b'-- Installing: /home/linux/Master-thesis/Project-Code/ros2_ws/src/freddy_single_arm_control/install/motion_specification_interfaces/include/motion_specification_interfaces/motion_specification_interfaces/action/detail/motion_specification__type_support.c\n'}
[5.517021] (motion_specification_interfaces) StdoutLine: {'line': b'-- Installing: /home/linux/Master-thesis/Project-Code/ros2_ws/src/freddy_single_arm_control/install/motion_specification_interfaces/include/motion_specification_interfaces/motion_specification_interfaces/action/detail/motion_specification__struct.h\n'}
[5.517115] (motion_specification_interfaces) StdoutLine: {'line': b'-- Installing: /home/linux/Master-thesis/Project-Code/ros2_ws/src/freddy_single_arm_control/install/motion_specification_interfaces/include/motion_specification_interfaces/motion_specification_interfaces/action/detail/motion_specification__description.c\n'}
[5.517223] (motion_specification_interfaces) StdoutLine: {'line': b'-- Installing: /home/linux/Master-thesis/Project-Code/ros2_ws/src/freddy_single_arm_control/install/motion_specification_interfaces/include/motion_specification_interfaces/motion_specification_interfaces/action/motion_specification.h\n'}
[5.517332] (motion_specification_interfaces) StdoutLine: {'line': b'-- Installing: /home/linux/Master-thesis/Project-Code/ros2_ws/src/freddy_single_arm_control/install/motion_specification_interfaces/share/motion_specification_interfaces/environment/library_path.sh\n'}
[5.517433] (motion_specification_interfaces) StdoutLine: {'line': b'-- Installing: /home/linux/Master-thesis/Project-Code/ros2_ws/src/freddy_single_arm_control/install/motion_specification_interfaces/share/motion_specification_interfaces/environment/library_path.dsv\n'}
[5.517521] (motion_specification_interfaces) StdoutLine: {'line': b'-- Installing: /home/linux/Master-thesis/Project-Code/ros2_ws/src/freddy_single_arm_control/install/motion_specification_interfaces/lib/libmotion_specification_interfaces__rosidl_generator_c.so\n'}
[5.517604] (motion_specification_interfaces) StdoutLine: {'line': b'-- Set non-toolchain portion of runtime path of "/home/linux/Master-thesis/Project-Code/ros2_ws/src/freddy_single_arm_control/install/motion_specification_interfaces/lib/libmotion_specification_interfaces__rosidl_generator_c.so" to ""\n'}
[5.517693] (motion_specification_interfaces) StdoutLine: {'line': b'-- Up-to-date: /home/linux/Master-thesis/Project-Code/ros2_ws/src/freddy_single_arm_control/install/motion_specification_interfaces/include/motion_specification_interfaces/motion_specification_interfaces\n'}
[5.517783] (motion_specification_interfaces) StdoutLine: {'line': b'-- Up-to-date: /home/linux/Master-thesis/Project-Code/ros2_ws/src/freddy_single_arm_control/install/motion_specification_interfaces/include/motion_specification_interfaces/motion_specification_interfaces/msg\n'}
[5.517891] (motion_specification_interfaces) StdoutLine: {'line': b'-- Installing: /home/linux/Master-thesis/Project-Code/ros2_ws/src/freddy_single_arm_control/install/motion_specification_interfaces/include/motion_specification_interfaces/motion_specification_interfaces/msg/rosidl_typesupport_fastrtps_c__visibility_control.h\n'}
[5.517998] (motion_specification_interfaces) StdoutLine: {'line': b'-- Up-to-date: /home/linux/Master-thesis/Project-Code/ros2_ws/src/freddy_single_arm_control/install/motion_specification_interfaces/include/motion_specification_interfaces/motion_specification_interfaces/action\n'}
[5.518103] (motion_specification_interfaces) StdoutLine: {'line': b'-- Up-to-date: /home/linux/Master-thesis/Project-Code/ros2_ws/src/freddy_single_arm_control/install/motion_specification_interfaces/include/motion_specification_interfaces/motion_specification_interfaces/action/detail\n'}
[5.518201] (motion_specification_interfaces) StdoutLine: {'line': b'-- Installing: /home/linux/Master-thesis/Project-Code/ros2_ws/src/freddy_single_arm_control/install/motion_specification_interfaces/include/motion_specification_interfaces/motion_specification_interfaces/action/detail/motion_specification__rosidl_typesupport_fastrtps_c.h\n'}
[5.518284] (motion_specification_interfaces) StdoutLine: {'line': b'-- Installing: /home/linux/Master-thesis/Project-Code/ros2_ws/src/freddy_single_arm_control/install/motion_specification_interfaces/lib/libmotion_specification_interfaces__rosidl_typesupport_fastrtps_c.so\n'}
[5.518370] (motion_specification_interfaces) StdoutLine: {'line': b'-- Set non-toolchain portion of runtime path of "/home/linux/Master-thesis/Project-Code/ros2_ws/src/freddy_single_arm_control/install/motion_specification_interfaces/lib/libmotion_specification_interfaces__rosidl_typesupport_fastrtps_c.so" to ""\n'}
[5.518453] (motion_specification_interfaces) StdoutLine: {'line': b'-- Up-to-date: /home/linux/Master-thesis/Project-Code/ros2_ws/src/freddy_single_arm_control/install/motion_specification_interfaces/include/motion_specification_interfaces/motion_specification_interfaces\n'}
[5.518538] (motion_specification_interfaces) StdoutLine: {'line': b'-- Up-to-date: /home/linux/Master-thesis/Project-Code/ros2_ws/src/freddy_single_arm_control/install/motion_specification_interfaces/include/motion_specification_interfaces/motion_specification_interfaces/msg\n'}
[5.518619] (motion_specification_interfaces) StdoutLine: {'line': b'-- Installing: /home/linux/Master-thesis/Project-Code/ros2_ws/src/freddy_single_arm_control/install/motion_specification_interfaces/include/motion_specification_interfaces/motion_specification_interfaces/msg/rosidl_typesupport_introspection_c__visibility_control.h\n'}
[5.518701] (motion_specification_interfaces) StdoutLine: {'line': b'-- Up-to-date: /home/linux/Master-thesis/Project-Code/ros2_ws/src/freddy_single_arm_control/install/motion_specification_interfaces/include/motion_specification_interfaces/motion_specification_interfaces/action\n'}
[5.518784] (motion_specification_interfaces) StdoutLine: {'line': b'-- Up-to-date: /home/linux/Master-thesis/Project-Code/ros2_ws/src/freddy_single_arm_control/install/motion_specification_interfaces/include/motion_specification_interfaces/motion_specification_interfaces/action/detail\n'}
[5.518908] (motion_specification_interfaces) StdoutLine: {'line': b'-- Installing: /home/linux/Master-thesis/Project-Code/ros2_ws/src/freddy_single_arm_control/install/motion_specification_interfaces/include/motion_specification_interfaces/motion_specification_interfaces/action/detail/motion_specification__rosidl_typesupport_introspection_c.h\n'}
[5.518991] (motion_specification_interfaces) StdoutLine: {'line': b'-- Up-to-date: /home/linux/Master-thesis/Project-Code/ros2_ws/src/freddy_single_arm_control/install/motion_specification_interfaces/include/motion_specification_interfaces/motion_specification_interfaces/action/detail/motion_specification__type_support.c\n'}
[5.519124] (motion_specification_interfaces) StdoutLine: {'line': b'-- Installing: /home/linux/Master-thesis/Project-Code/ros2_ws/src/freddy_single_arm_control/install/motion_specification_interfaces/lib/libmotion_specification_interfaces__rosidl_typesupport_introspection_c.so\n'}
[5.519236] (motion_specification_interfaces) StdoutLine: {'line': b'-- Set non-toolchain portion of runtime path of "/home/linux/Master-thesis/Project-Code/ros2_ws/src/freddy_single_arm_control/install/motion_specification_interfaces/lib/libmotion_specification_interfaces__rosidl_typesupport_introspection_c.so" to ""\n'}
[5.519332] (motion_specification_interfaces) StdoutLine: {'line': b'-- Installing: /home/linux/Master-thesis/Project-Code/ros2_ws/src/freddy_single_arm_control/install/motion_specification_interfaces/lib/libmotion_specification_interfaces__rosidl_typesupport_c.so\n'}
[5.519414] (motion_specification_interfaces) StdoutLine: {'line': b'-- Set non-toolchain portion of runtime path of "/home/linux/Master-thesis/Project-Code/ros2_ws/src/freddy_single_arm_control/install/motion_specification_interfaces/lib/libmotion_specification_interfaces__rosidl_typesupport_c.so" to ""\n'}
[5.519499] (motion_specification_interfaces) StdoutLine: {'line': b'-- Up-to-date: /home/linux/Master-thesis/Project-Code/ros2_ws/src/freddy_single_arm_control/install/motion_specification_interfaces/include/motion_specification_interfaces/motion_specification_interfaces\n'}
[5.519581] (motion_specification_interfaces) StdoutLine: {'line': b'-- Up-to-date: /home/linux/Master-thesis/Project-Code/ros2_ws/src/freddy_single_arm_control/install/motion_specification_interfaces/include/motion_specification_interfaces/motion_specification_interfaces/msg\n'}
[5.519662] (motion_specification_interfaces) StdoutLine: {'line': b'-- Installing: /home/linux/Master-thesis/Project-Code/ros2_ws/src/freddy_single_arm_control/install/motion_specification_interfaces/include/motion_specification_interfaces/motion_specification_interfaces/msg/rosidl_generator_cpp__visibility_control.hpp\n'}
[5.519742] (motion_specification_interfaces) StdoutLine: {'line': b'-- Up-to-date: /home/linux/Master-thesis/Project-Code/ros2_ws/src/freddy_single_arm_control/install/motion_specification_interfaces/include/motion_specification_interfaces/motion_specification_interfaces/action\n'}
[5.519820] (motion_specification_interfaces) StdoutLine: {'line': b'-- Installing: /home/linux/Master-thesis/Project-Code/ros2_ws/src/freddy_single_arm_control/install/motion_specification_interfaces/include/motion_specification_interfaces/motion_specification_interfaces/action/motion_specification.hpp\n'}
[5.519903] (motion_specification_interfaces) StdoutLine: {'line': b'-- Up-to-date: /home/linux/Master-thesis/Project-Code/ros2_ws/src/freddy_single_arm_control/install/motion_specification_interfaces/include/motion_specification_interfaces/motion_specification_interfaces/action/detail\n'}
[5.519988] (motion_specification_interfaces) StdoutLine: {'line': b'-- Installing: /home/linux/Master-thesis/Project-Code/ros2_ws/src/freddy_single_arm_control/install/motion_specification_interfaces/include/motion_specification_interfaces/motion_specification_interfaces/action/detail/motion_specification__type_support.hpp\n'}
[5.520108] (motion_specification_interfaces) StdoutLine: {'line': b'-- Installing: /home/linux/Master-thesis/Project-Code/ros2_ws/src/freddy_single_arm_control/install/motion_specification_interfaces/include/motion_specification_interfaces/motion_specification_interfaces/action/detail/motion_specification__struct.hpp\n'}
[5.520195] (motion_specification_interfaces) StdoutLine: {'line': b'-- Installing: /home/linux/Master-thesis/Project-Code/ros2_ws/src/freddy_single_arm_control/install/motion_specification_interfaces/include/motion_specification_interfaces/motion_specification_interfaces/action/detail/motion_specification__builder.hpp\n'}
[5.520275] (motion_specification_interfaces) StdoutLine: {'line': b'-- Installing: /home/linux/Master-thesis/Project-Code/ros2_ws/src/freddy_single_arm_control/install/motion_specification_interfaces/include/motion_specification_interfaces/motion_specification_interfaces/action/detail/motion_specification__traits.hpp\n'}
[5.520361] (motion_specification_interfaces) StdoutLine: {'line': b'-- Up-to-date: /home/linux/Master-thesis/Project-Code/ros2_ws/src/freddy_single_arm_control/install/motion_specification_interfaces/include/motion_specification_interfaces/motion_specification_interfaces\n'}
[5.520439] (motion_specification_interfaces) StdoutLine: {'line': b'-- Up-to-date: /home/linux/Master-thesis/Project-Code/ros2_ws/src/freddy_single_arm_control/install/motion_specification_interfaces/include/motion_specification_interfaces/motion_specification_interfaces/msg\n'}
[5.520516] (motion_specification_interfaces) StdoutLine: {'line': b'-- Installing: /home/linux/Master-thesis/Project-Code/ros2_ws/src/freddy_single_arm_control/install/motion_specification_interfaces/include/motion_specification_interfaces/motion_specification_interfaces/msg/rosidl_typesupport_fastrtps_cpp__visibility_control.h\n'}
[5.520598] (motion_specification_interfaces) StdoutLine: {'line': b'-- Up-to-date: /home/linux/Master-thesis/Project-Code/ros2_ws/src/freddy_single_arm_control/install/motion_specification_interfaces/include/motion_specification_interfaces/motion_specification_interfaces/action\n'}
[5.520706] (motion_specification_interfaces) StdoutLine: {'line': b'-- Up-to-date: /home/linux/Master-thesis/Project-Code/ros2_ws/src/freddy_single_arm_control/install/motion_specification_interfaces/include/motion_specification_interfaces/motion_specification_interfaces/action/detail\n'}
[5.520798] (motion_specification_interfaces) StdoutLine: {'line': b'-- Installing: /home/linux/Master-thesis/Project-Code/ros2_ws/src/freddy_single_arm_control/install/motion_specification_interfaces/include/motion_specification_interfaces/motion_specification_interfaces/action/detail/motion_specification__rosidl_typesupport_fastrtps_cpp.hpp\n'}
[5.520896] (motion_specification_interfaces) StdoutLine: {'line': b'-- Installing: /home/linux/Master-thesis/Project-Code/ros2_ws/src/freddy_single_arm_control/install/motion_specification_interfaces/include/motion_specification_interfaces/motion_specification_interfaces/action/detail/dds_fastrtps\n'}
[5.520977] (motion_specification_interfaces) StdoutLine: {'line': b'-- Installing: /home/linux/Master-thesis/Project-Code/ros2_ws/src/freddy_single_arm_control/install/motion_specification_interfaces/lib/libmotion_specification_interfaces__rosidl_typesupport_fastrtps_cpp.so\n'}
[5.521067] (motion_specification_interfaces) StdoutLine: {'line': b'-- Set non-toolchain portion of runtime path of "/home/linux/Master-thesis/Project-Code/ros2_ws/src/freddy_single_arm_control/install/motion_specification_interfaces/lib/libmotion_specification_interfaces__rosidl_typesupport_fastrtps_cpp.so" to ""\n'}
[5.521182] (motion_specification_interfaces) StdoutLine: {'line': b'-- Up-to-date: /home/linux/Master-thesis/Project-Code/ros2_ws/src/freddy_single_arm_control/install/motion_specification_interfaces/include/motion_specification_interfaces/motion_specification_interfaces\n'}
[5.521265] (motion_specification_interfaces) StdoutLine: {'line': b'-- Up-to-date: /home/linux/Master-thesis/Project-Code/ros2_ws/src/freddy_single_arm_control/install/motion_specification_interfaces/include/motion_specification_interfaces/motion_specification_interfaces/action\n'}
[5.521352] (motion_specification_interfaces) StdoutLine: {'line': b'-- Up-to-date: /home/linux/Master-thesis/Project-Code/ros2_ws/src/freddy_single_arm_control/install/motion_specification_interfaces/include/motion_specification_interfaces/motion_specification_interfaces/action/detail\n'}
[5.521444] (motion_specification_interfaces) StdoutLine: {'line': b'-- Installing: /home/linux/Master-thesis/Project-Code/ros2_ws/src/freddy_single_arm_control/install/motion_specification_interfaces/include/motion_specification_interfaces/motion_specification_interfaces/action/detail/motion_specification__type_support.cpp\n'}
[5.521538] (motion_specification_interfaces) StdoutLine: {'line': b'-- Installing: /home/linux/Master-thesis/Project-Code/ros2_ws/src/freddy_single_arm_control/install/motion_specification_interfaces/include/motion_specification_interfaces/motion_specification_interfaces/action/detail/motion_specification__rosidl_typesupport_introspection_cpp.hpp\n'}
[5.521674] (motion_specification_interfaces) StdoutLine: {'line': b'-- Installing: /home/linux/Master-thesis/Project-Code/ros2_ws/src/freddy_single_arm_control/install/motion_specification_interfaces/lib/libmotion_specification_interfaces__rosidl_typesupport_introspection_cpp.so\n'}
[5.521767] (motion_specification_interfaces) StdoutLine: {'line': b'-- Set non-toolchain portion of runtime path of "/home/linux/Master-thesis/Project-Code/ros2_ws/src/freddy_single_arm_control/install/motion_specification_interfaces/lib/libmotion_specification_interfaces__rosidl_typesupport_introspection_cpp.so" to ""\n'}
[5.521857] (motion_specification_interfaces) StdoutLine: {'line': b'-- Installing: /home/linux/Master-thesis/Project-Code/ros2_ws/src/freddy_single_arm_control/install/motion_specification_interfaces/lib/libmotion_specification_interfaces__rosidl_typesupport_cpp.so\n'}
[5.521948] (motion_specification_interfaces) StdoutLine: {'line': b'-- Set non-toolchain portion of runtime path of "/home/linux/Master-thesis/Project-Code/ros2_ws/src/freddy_single_arm_control/install/motion_specification_interfaces/lib/libmotion_specification_interfaces__rosidl_typesupport_cpp.so" to ""\n'}
[5.522039] (motion_specification_interfaces) StdoutLine: {'line': b'-- Installing: /home/linux/Master-thesis/Project-Code/ros2_ws/src/freddy_single_arm_control/install/motion_specification_interfaces/share/motion_specification_interfaces/environment/pythonpath.sh\n'}
[5.522247] (motion_specification_interfaces) StdoutLine: {'line': b'-- Installing: /home/linux/Master-thesis/Project-Code/ros2_ws/src/freddy_single_arm_control/install/motion_specification_interfaces/share/motion_specification_interfaces/environment/pythonpath.dsv\n'}
[5.522336] (motion_specification_interfaces) StdoutLine: {'line': b'-- Installing: /home/linux/Master-thesis/Project-Code/ros2_ws/src/freddy_single_arm_control/install/motion_specification_interfaces/lib/python3.12/site-packages/motion_specification_interfaces-0.0.0-py3.12.egg-info\n'}
[5.522477] (motion_specification_interfaces) StdoutLine: {'line': b'-- Installing: /home/linux/Master-thesis/Project-Code/ros2_ws/src/freddy_single_arm_control/install/motion_specification_interfaces/lib/python3.12/site-packages/motion_specification_interfaces-0.0.0-py3.12.egg-info/SOURCES.txt\n'}
[5.522571] (motion_specification_interfaces) StdoutLine: {'line': b'-- Installing: /home/linux/Master-thesis/Project-Code/ros2_ws/src/freddy_single_arm_control/install/motion_specification_interfaces/lib/python3.12/site-packages/motion_specification_interfaces-0.0.0-py3.12.egg-info/dependency_links.txt\n'}
[5.522665] (motion_specification_interfaces) StdoutLine: {'line': b'-- Installing: /home/linux/Master-thesis/Project-Code/ros2_ws/src/freddy_single_arm_control/install/motion_specification_interfaces/lib/python3.12/site-packages/motion_specification_interfaces-0.0.0-py3.12.egg-info/top_level.txt\n'}
[5.522743] (motion_specification_interfaces) StdoutLine: {'line': b'-- Installing: /home/linux/Master-thesis/Project-Code/ros2_ws/src/freddy_single_arm_control/install/motion_specification_interfaces/lib/python3.12/site-packages/motion_specification_interfaces-0.0.0-py3.12.egg-info/PKG-INFO\n'}
[5.522819] (motion_specification_interfaces) StdoutLine: {'line': b'-- Installing: /home/linux/Master-thesis/Project-Code/ros2_ws/src/freddy_single_arm_control/install/motion_specification_interfaces/lib/python3.12/site-packages/motion_specification_interfaces\n'}
[5.522895] (motion_specification_interfaces) StdoutLine: {'line': b'-- Installing: /home/linux/Master-thesis/Project-Code/ros2_ws/src/freddy_single_arm_control/install/motion_specification_interfaces/lib/python3.12/site-packages/motion_specification_interfaces/motion_specification_interfaces_s__rosidl_typesupport_c.so\n'}
[5.522971] (motion_specification_interfaces) StdoutLine: {'line': b'-- Installing: /home/linux/Master-thesis/Project-Code/ros2_ws/src/freddy_single_arm_control/install/motion_specification_interfaces/lib/python3.12/site-packages/motion_specification_interfaces/motion_specification_interfaces_s__rosidl_typesupport_fastrtps_c.so\n'}
[5.523055] (motion_specification_interfaces) StdoutLine: {'line': b'-- Installing: /home/linux/Master-thesis/Project-Code/ros2_ws/src/freddy_single_arm_control/install/motion_specification_interfaces/lib/python3.12/site-packages/motion_specification_interfaces/_motion_specification_interfaces_s.ep.rosidl_typesupport_c.c\n'}
[5.523185] (motion_specification_interfaces) StdoutLine: {'line': b'-- Installing: /home/linux/Master-thesis/Project-Code/ros2_ws/src/freddy_single_arm_control/install/motion_specification_interfaces/lib/python3.12/site-packages/motion_specification_interfaces/__init__.py\n'}
[5.523230] (motion_specification_interfaces) StdoutLine: {'line': b'-- Installing: /home/linux/Master-thesis/Project-Code/ros2_ws/src/freddy_single_arm_control/install/motion_specification_interfaces/lib/python3.12/site-packages/motion_specification_interfaces/_motion_specification_interfaces_s.ep.rosidl_typesupport_fastrtps_c.c\n'}
[5.523268] (motion_specification_interfaces) StdoutLine: {'line': b'-- Installing: /home/linux/Master-thesis/Project-Code/ros2_ws/src/freddy_single_arm_control/install/motion_specification_interfaces/lib/python3.12/site-packages/motion_specification_interfaces/action\n'}
[5.523305] (motion_specification_interfaces) StdoutLine: {'line': b'-- Installing: /home/linux/Master-thesis/Project-Code/ros2_ws/src/freddy_single_arm_control/install/motion_specification_interfaces/lib/python3.12/site-packages/motion_specification_interfaces/action/__init__.py\n'}
[5.523339] (motion_specification_interfaces) StdoutLine: {'line': b'-- Installing: /home/linux/Master-thesis/Project-Code/ros2_ws/src/freddy_single_arm_control/install/motion_specification_interfaces/lib/python3.12/site-packages/motion_specification_interfaces/action/_motion_specification_s.c\n'}
[5.523372] (motion_specification_interfaces) StdoutLine: {'line': b'-- Installing: /home/linux/Master-thesis/Project-Code/ros2_ws/src/freddy_single_arm_control/install/motion_specification_interfaces/lib/python3.12/site-packages/motion_specification_interfaces/action/_motion_specification.py\n'}
[5.523406] (motion_specification_interfaces) StdoutLine: {'line': b'-- Installing: /home/linux/Master-thesis/Project-Code/ros2_ws/src/freddy_single_arm_control/install/motion_specification_interfaces/lib/python3.12/site-packages/motion_specification_interfaces/motion_specification_interfaces_s__rosidl_typesupport_introspection_c.so\n'}
[5.523439] (motion_specification_interfaces) StdoutLine: {'line': b'-- Installing: /home/linux/Master-thesis/Project-Code/ros2_ws/src/freddy_single_arm_control/install/motion_specification_interfaces/lib/python3.12/site-packages/motion_specification_interfaces/_motion_specification_interfaces_s.ep.rosidl_typesupport_introspection_c.c\n'}
[5.557602] (motion_specification_interfaces) StdoutLine: {'line': b"Listing '/home/linux/Master-thesis/Project-Code/ros2_ws/src/freddy_single_arm_control/install/motion_specification_interfaces/lib/python3.12/site-packages/motion_specification_interfaces'...\n"}
[5.557743] (motion_specification_interfaces) StdoutLine: {'line': b"Compiling '/home/linux/Master-thesis/Project-Code/ros2_ws/src/freddy_single_arm_control/install/motion_specification_interfaces/lib/python3.12/site-packages/motion_specification_interfaces/__init__.py'...\n"}
[5.557788] (motion_specification_interfaces) StdoutLine: {'line': b"Listing '/home/linux/Master-thesis/Project-Code/ros2_ws/src/freddy_single_arm_control/install/motion_specification_interfaces/lib/python3.12/site-packages/motion_specification_interfaces/action'...\n"}
[5.557836] (motion_specification_interfaces) StdoutLine: {'line': b"Compiling '/home/linux/Master-thesis/Project-Code/ros2_ws/src/freddy_single_arm_control/install/motion_specification_interfaces/lib/python3.12/site-packages/motion_specification_interfaces/action/__init__.py'...\n"}
[5.557874] (motion_specification_interfaces) StdoutLine: {'line': b"Compiling '/home/linux/Master-thesis/Project-Code/ros2_ws/src/freddy_single_arm_control/install/motion_specification_interfaces/lib/python3.12/site-packages/motion_specification_interfaces/action/_motion_specification.py'...\n"}
[5.562298] (motion_specification_interfaces) StdoutLine: {'line': b'-- Installing: /home/linux/Master-thesis/Project-Code/ros2_ws/src/freddy_single_arm_control/install/motion_specification_interfaces/lib/python3.12/site-packages/motion_specification_interfaces/motion_specification_interfaces_s__rosidl_typesupport_fastrtps_c.so\n'}
[5.562516] (motion_specification_interfaces) StdoutLine: {'line': b'-- Set non-toolchain portion of runtime path of "/home/linux/Master-thesis/Project-Code/ros2_ws/src/freddy_single_arm_control/install/motion_specification_interfaces/lib/python3.12/site-packages/motion_specification_interfaces/motion_specification_interfaces_s__rosidl_typesupport_fastrtps_c.so" to ""\n'}
[5.562599] (motion_specification_interfaces) StdoutLine: {'line': b'-- Installing: /home/linux/Master-thesis/Project-Code/ros2_ws/src/freddy_single_arm_control/install/motion_specification_interfaces/lib/python3.12/site-packages/motion_specification_interfaces/motion_specification_interfaces_s__rosidl_typesupport_introspection_c.so\n'}
[5.562738] (motion_specification_interfaces) StdoutLine: {'line': b'-- Set non-toolchain portion of runtime path of "/home/linux/Master-thesis/Project-Code/ros2_ws/src/freddy_single_arm_control/install/motion_specification_interfaces/lib/python3.12/site-packages/motion_specification_interfaces/motion_specification_interfaces_s__rosidl_typesupport_introspection_c.so" to ""\n'}
[5.562947] (motion_specification_interfaces) StdoutLine: {'line': b'-- Installing: /home/linux/Master-thesis/Project-Code/ros2_ws/src/freddy_single_arm_control/install/motion_specification_interfaces/lib/python3.12/site-packages/motion_specification_interfaces/motion_specification_interfaces_s__rosidl_typesupport_c.so\n'}
[5.562992] (motion_specification_interfaces) StdoutLine: {'line': b'-- Set non-toolchain portion of runtime path of "/home/linux/Master-thesis/Project-Code/ros2_ws/src/freddy_single_arm_control/install/motion_specification_interfaces/lib/python3.12/site-packages/motion_specification_interfaces/motion_specification_interfaces_s__rosidl_typesupport_c.so" to ""\n'}
[5.563029] (motion_specification_interfaces) StdoutLine: {'line': b'-- Installing: /home/linux/Master-thesis/Project-Code/ros2_ws/src/freddy_single_arm_control/install/motion_specification_interfaces/lib/libmotion_specification_interfaces__rosidl_generator_py.so\n'}
[5.563138] (motion_specification_interfaces) StdoutLine: {'line': b'-- Set non-toolchain portion of runtime path of "/home/linux/Master-thesis/Project-Code/ros2_ws/src/freddy_single_arm_control/install/motion_specification_interfaces/lib/libmotion_specification_interfaces__rosidl_generator_py.so" to ""\n'}
[5.563208] (motion_specification_interfaces) StdoutLine: {'line': b'-- Installing: /home/linux/Master-thesis/Project-Code/ros2_ws/src/freddy_single_arm_control/install/motion_specification_interfaces/share/motion_specification_interfaces/action/MotionSpecification.idl\n'}
[5.563243] (motion_specification_interfaces) StdoutLine: {'line': b'-- Installing: /home/linux/Master-thesis/Project-Code/ros2_ws/src/freddy_single_arm_control/install/motion_specification_interfaces/share/motion_specification_interfaces/action/MotionSpecification.action\n'}
[5.563303] (motion_specification_interfaces) StdoutLine: {'line': b'-- Installing: /home/linux/Master-thesis/Project-Code/ros2_ws/src/freddy_single_arm_control/install/motion_specification_interfaces/share/ament_index/resource_index/package_run_dependencies/motion_specification_interfaces\n'}
[5.563365] (motion_specification_interfaces) StdoutLine: {'line': b'-- Installing: /home/linux/Master-thesis/Project-Code/ros2_ws/src/freddy_single_arm_control/install/motion_specification_interfaces/share/ament_index/resource_index/parent_prefix_path/motion_specification_interfaces\n'}
[5.563406] (motion_specification_interfaces) StdoutLine: {'line': b'-- Installing: /home/linux/Master-thesis/Project-Code/ros2_ws/src/freddy_single_arm_control/install/motion_specification_interfaces/share/motion_specification_interfaces/environment/ament_prefix_path.sh\n'}
[5.563455] (motion_specification_interfaces) StdoutLine: {'line': b'-- Installing: /home/linux/Master-thesis/Project-Code/ros2_ws/src/freddy_single_arm_control/install/motion_specification_interfaces/share/motion_specification_interfaces/environment/ament_prefix_path.dsv\n'}
[5.563505] (motion_specification_interfaces) StdoutLine: {'line': b'-- Installing: /home/linux/Master-thesis/Project-Code/ros2_ws/src/freddy_single_arm_control/install/motion_specification_interfaces/share/motion_specification_interfaces/environment/path.sh\n'}
[5.563553] (motion_specification_interfaces) StdoutLine: {'line': b'-- Installing: /home/linux/Master-thesis/Project-Code/ros2_ws/src/freddy_single_arm_control/install/motion_specification_interfaces/share/motion_specification_interfaces/environment/path.dsv\n'}
[5.563602] (motion_specification_interfaces) StdoutLine: {'line': b'-- Installing: /home/linux/Master-thesis/Project-Code/ros2_ws/src/freddy_single_arm_control/install/motion_specification_interfaces/share/motion_specification_interfaces/local_setup.bash\n'}
[5.563649] (motion_specification_interfaces) StdoutLine: {'line': b'-- Installing: /home/linux/Master-thesis/Project-Code/ros2_ws/src/freddy_single_arm_control/install/motion_specification_interfaces/share/motion_specification_interfaces/local_setup.sh\n'}
[5.563698] (motion_specification_interfaces) StdoutLine: {'line': b'-- Installing: /home/linux/Master-thesis/Project-Code/ros2_ws/src/freddy_single_arm_control/install/motion_specification_interfaces/share/motion_specification_interfaces/local_setup.zsh\n'}
[5.563746] (motion_specification_interfaces) StdoutLine: {'line': b'-- Installing: /home/linux/Master-thesis/Project-Code/ros2_ws/src/freddy_single_arm_control/install/motion_specification_interfaces/share/motion_specification_interfaces/local_setup.dsv\n'}
[5.563793] (motion_specification_interfaces) StdoutLine: {'line': b'-- Installing: /home/linux/Master-thesis/Project-Code/ros2_ws/src/freddy_single_arm_control/install/motion_specification_interfaces/share/motion_specification_interfaces/package.dsv\n'}
[5.563838] (motion_specification_interfaces) StdoutLine: {'line': b'-- Installing: /home/linux/Master-thesis/Project-Code/ros2_ws/src/freddy_single_arm_control/install/motion_specification_interfaces/share/ament_index/resource_index/packages/motion_specification_interfaces\n'}
[5.563911] (motion_specification_interfaces) StdoutLine: {'line': b'-- Installing: /home/linux/Master-thesis/Project-Code/ros2_ws/src/freddy_single_arm_control/install/motion_specification_interfaces/share/motion_specification_interfaces/cmake/export_motion_specification_interfaces__rosidl_generator_cExport.cmake\n'}
[5.563969] (motion_specification_interfaces) StdoutLine: {'line': b'-- Installing: /home/linux/Master-thesis/Project-Code/ros2_ws/src/freddy_single_arm_control/install/motion_specification_interfaces/share/motion_specification_interfaces/cmake/export_motion_specification_interfaces__rosidl_generator_cExport-noconfig.cmake\n'}
[5.564030] (motion_specification_interfaces) StdoutLine: {'line': b'-- Installing: /home/linux/Master-thesis/Project-Code/ros2_ws/src/freddy_single_arm_control/install/motion_specification_interfaces/share/motion_specification_interfaces/cmake/export_motion_specification_interfaces__rosidl_typesupport_fastrtps_cExport.cmake\n'}
[5.564098] (motion_specification_interfaces) StdoutLine: {'line': b'-- Installing: /home/linux/Master-thesis/Project-Code/ros2_ws/src/freddy_single_arm_control/install/motion_specification_interfaces/share/motion_specification_interfaces/cmake/export_motion_specification_interfaces__rosidl_typesupport_fastrtps_cExport-noconfig.cmake\n'}
[5.564146] (motion_specification_interfaces) StdoutLine: {'line': b'-- Installing: /home/linux/Master-thesis/Project-Code/ros2_ws/src/freddy_single_arm_control/install/motion_specification_interfaces/share/motion_specification_interfaces/cmake/motion_specification_interfaces__rosidl_typesupport_introspection_cExport.cmake\n'}
[5.564196] (motion_specification_interfaces) StdoutLine: {'line': b'-- Installing: /home/linux/Master-thesis/Project-Code/ros2_ws/src/freddy_single_arm_control/install/motion_specification_interfaces/share/motion_specification_interfaces/cmake/motion_specification_interfaces__rosidl_typesupport_introspection_cExport-noconfig.cmake\n'}
[5.564250] (motion_specification_interfaces) StdoutLine: {'line': b'-- Installing: /home/linux/Master-thesis/Project-Code/ros2_ws/src/freddy_single_arm_control/install/motion_specification_interfaces/share/motion_specification_interfaces/cmake/motion_specification_interfaces__rosidl_typesupport_cExport.cmake\n'}
[5.564300] (motion_specification_interfaces) StdoutLine: {'line': b'-- Installing: /home/linux/Master-thesis/Project-Code/ros2_ws/src/freddy_single_arm_control/install/motion_specification_interfaces/share/motion_specification_interfaces/cmake/motion_specification_interfaces__rosidl_typesupport_cExport-noconfig.cmake\n'}
[5.564353] (motion_specification_interfaces) StdoutLine: {'line': b'-- Installing: /home/linux/Master-thesis/Project-Code/ros2_ws/src/freddy_single_arm_control/install/motion_specification_interfaces/share/motion_specification_interfaces/cmake/export_motion_specification_interfaces__rosidl_generator_cppExport.cmake\n'}
[5.564411] (motion_specification_interfaces) StdoutLine: {'line': b'-- Installing: /home/linux/Master-thesis/Project-Code/ros2_ws/src/freddy_single_arm_control/install/motion_specification_interfaces/share/motion_specification_interfaces/cmake/export_motion_specification_interfaces__rosidl_typesupport_fastrtps_cppExport.cmake\n'}
[5.564461] (motion_specification_interfaces) StdoutLine: {'line': b'-- Installing: /home/linux/Master-thesis/Project-Code/ros2_ws/src/freddy_single_arm_control/install/motion_specification_interfaces/share/motion_specification_interfaces/cmake/export_motion_specification_interfaces__rosidl_typesupport_fastrtps_cppExport-noconfig.cmake\n'}
[5.564516] (motion_specification_interfaces) StdoutLine: {'line': b'-- Installing: /home/linux/Master-thesis/Project-Code/ros2_ws/src/freddy_single_arm_control/install/motion_specification_interfaces/share/motion_specification_interfaces/cmake/motion_specification_interfaces__rosidl_typesupport_introspection_cppExport.cmake\n'}
[5.564568] (motion_specification_interfaces) StdoutLine: {'line': b'-- Installing: /home/linux/Master-thesis/Project-Code/ros2_ws/src/freddy_single_arm_control/install/motion_specification_interfaces/share/motion_specification_interfaces/cmake/motion_specification_interfaces__rosidl_typesupport_introspection_cppExport-noconfig.cmake\n'}
[5.564625] (motion_specification_interfaces) StdoutLine: {'line': b'-- Installing: /home/linux/Master-thesis/Project-Code/ros2_ws/src/freddy_single_arm_control/install/motion_specification_interfaces/share/motion_specification_interfaces/cmake/motion_specification_interfaces__rosidl_typesupport_cppExport.cmake\n'}
[5.564677] (motion_specification_interfaces) StdoutLine: {'line': b'-- Installing: /home/linux/Master-thesis/Project-Code/ros2_ws/src/freddy_single_arm_control/install/motion_specification_interfaces/share/motion_specification_interfaces/cmake/motion_specification_interfaces__rosidl_typesupport_cppExport-noconfig.cmake\n'}
[5.564738] (motion_specification_interfaces) StdoutLine: {'line': b'-- Installing: /home/linux/Master-thesis/Project-Code/ros2_ws/src/freddy_single_arm_control/install/motion_specification_interfaces/share/motion_specification_interfaces/cmake/export_motion_specification_interfaces__rosidl_generator_pyExport.cmake\n'}
[5.564785] (motion_specification_interfaces) StdoutLine: {'line': b'-- Installing: /home/linux/Master-thesis/Project-Code/ros2_ws/src/freddy_single_arm_control/install/motion_specification_interfaces/share/motion_specification_interfaces/cmake/export_motion_specification_interfaces__rosidl_generator_pyExport-noconfig.cmake\n'}
[5.564833] (motion_specification_interfaces) StdoutLine: {'line': b'-- Installing: /home/linux/Master-thesis/Project-Code/ros2_ws/src/freddy_single_arm_control/install/motion_specification_interfaces/share/motion_specification_interfaces/cmake/rosidl_cmake-extras.cmake\n'}
[5.564881] (motion_specification_interfaces) StdoutLine: {'line': b'-- Installing: /home/linux/Master-thesis/Project-Code/ros2_ws/src/freddy_single_arm_control/install/motion_specification_interfaces/share/motion_specification_interfaces/cmake/ament_cmake_export_dependencies-extras.cmake\n'}
[5.564934] (motion_specification_interfaces) StdoutLine: {'line': b'-- Installing: /home/linux/Master-thesis/Project-Code/ros2_ws/src/freddy_single_arm_control/install/motion_specification_interfaces/share/motion_specification_interfaces/cmake/ament_cmake_export_include_directories-extras.cmake\n'}
[5.564981] (motion_specification_interfaces) StdoutLine: {'line': b'-- Installing: /home/linux/Master-thesis/Project-Code/ros2_ws/src/freddy_single_arm_control/install/motion_specification_interfaces/share/motion_specification_interfaces/cmake/ament_cmake_export_libraries-extras.cmake\n'}
[5.565031] (motion_specification_interfaces) StdoutLine: {'line': b'-- Installing: /home/linux/Master-thesis/Project-Code/ros2_ws/src/freddy_single_arm_control/install/motion_specification_interfaces/share/motion_specification_interfaces/cmake/ament_cmake_export_targets-extras.cmake\n'}
[5.565085] (motion_specification_interfaces) StdoutLine: {'line': b'-- Installing: /home/linux/Master-thesis/Project-Code/ros2_ws/src/freddy_single_arm_control/install/motion_specification_interfaces/share/motion_specification_interfaces/cmake/rosidl_cmake_export_typesupport_targets-extras.cmake\n'}
[5.565131] (motion_specification_interfaces) StdoutLine: {'line': b'-- Installing: /home/linux/Master-thesis/Project-Code/ros2_ws/src/freddy_single_arm_control/install/motion_specification_interfaces/share/motion_specification_interfaces/cmake/rosidl_cmake_export_typesupport_libraries-extras.cmake\n'}
[5.565179] (motion_specification_interfaces) StdoutLine: {'line': b'-- Installing: /home/linux/Master-thesis/Project-Code/ros2_ws/src/freddy_single_arm_control/install/motion_specification_interfaces/share/motion_specification_interfaces/cmake/motion_specification_interfacesConfig.cmake\n'}
[5.565226] (motion_specification_interfaces) StdoutLine: {'line': b'-- Installing: /home/linux/Master-thesis/Project-Code/ros2_ws/src/freddy_single_arm_control/install/motion_specification_interfaces/share/motion_specification_interfaces/cmake/motion_specification_interfacesConfig-version.cmake\n'}
[5.565271] (motion_specification_interfaces) StdoutLine: {'line': b'-- Installing: /home/linux/Master-thesis/Project-Code/ros2_ws/src/freddy_single_arm_control/install/motion_specification_interfaces/share/motion_specification_interfaces/package.xml\n'}
[5.566556] (motion_specification_interfaces) CommandEnded: {'returncode': 0}
[5.581351] (motion_specification_interfaces) JobEnded: {'identifier': 'motion_specification_interfaces', 'rc': 0}
[5.581695] (motion_specification_action) JobStarted: {'identifier': 'motion_specification_action'}
[5.587274] (motion_specification_action) JobProgress: {'identifier': 'motion_specification_action', 'progress': 'cmake'}
[5.587505] (motion_specification_action) Command: {'cmd': ['/usr/bin/cmake', '/home/linux/Master-thesis/Project-Code/ros2_ws/src/freddy_single_arm_control/motion_specification_action', '-DCMAKE_INSTALL_PREFIX=/home/linux/Master-thesis/Project-Code/ros2_ws/src/freddy_single_arm_control/install/motion_specification_action'], 'cwd': '/home/linux/Master-thesis/Project-Code/ros2_ws/src/freddy_single_arm_control/build/motion_specification_action', 'env': OrderedDict({'GJS_DEBUG_TOPICS': 'JS ERROR;JS LOG', 'XDG_ACTIVATION_TOKEN': 'gnome-shell/Terminator/2362-1-linux-Aspire-A515-57_TIME851154', 'LESSOPEN': '| /usr/bin/lesspipe %s', 'USER': 'linux', 'LC_TIME': 'de_DE.UTF-8', 'XDG_SESSION_TYPE': 'wayland', 'CLUTTER_DISABLE_MIPMAPPED_TEXT': '1', 'SHLVL': '1', 'LD_LIBRARY_PATH': '/home/linux/Master-thesis/Project-Code/ros2_ws/src/freddy_single_arm_control/install/motion_specification_interfaces/lib:/home/linux/Master-thesis/Project-Code/ros2_ws/install/motion_specification_action/lib:/home/linux/Master-thesis/Project-Code/ros2_ws/install/motion_specification_interfaces/lib:/home/linux/Master-thesis/Project-Code/ros2_ws/install/kinova_mediator/lib:/opt/ros/jazzy/opt/rviz_ogre_vendor/lib:/opt/ros/jazzy/lib/x86_64-linux-gnu:/opt/ros/jazzy/opt/gz_math_vendor/lib:/opt/ros/jazzy/opt/gz_utils_vendor/lib:/opt/ros/jazzy/opt/gz_cmake_vendor/lib:/opt/ros/jazzy/lib', 'HOME': '/home/linux', 'OLDPWD': '/home/linux/Master-thesis/Project-Code/ros2_ws', 'DESKTOP_SESSION': 'ubuntu', 'GIO_LAUNCHED_DESKTOP_FILE': '/usr/share/applications/terminator.desktop', 'ROS_PYTHON_VERSION': '3', 'GNOME_SHELL_SESSION_MODE': 'ubuntu', 'GTK_MODULES': 'gail:atk-bridge', 'LC_MONETARY': 'de_DE.UTF-8', 'MANAGERPID': '2060', 'SYSTEMD_EXEC_PID': '2362', 'GSM_SKIP_SSH_AGENT_WORKAROUND': 'true', 'DBUS_SESSION_BUS_ADDRESS': 'unix:path=/run/user/1000/bus', 'COLORTERM': 'truecolor', 'TERMINATOR_DBUS_NAME': 'net.tenshu.Terminator25ef4b219e3b005583550f2b0f9f990c3', 'GIO_LAUNCHED_DESKTOP_FILE_PID': '5441', 'DEBUGINFOD_URLS': 'https://debuginfod.ubuntu.com', 'IM_CONFIG_PHASE': '1', 'WAYLAND_DISPLAY': 'wayland-0', 'COLCON_PREFIX_PATH': '/home/linux/Master-thesis/Project-Code/ros2_ws/install', 'ROS_DISTRO': 'jazzy', 'LOGNAME': 'linux', 'JOURNAL_STREAM': '8:21917', '_': '/usr/bin/colcon', 'ROS_VERSION': '2', 'MEMORY_PRESSURE_WATCH': '/sys/fs/cgroup/user.slice/user-1000.slice/user@1000.service/session.slice/org.gnome.Shell@wayland.service/memory.pressure', 'XDG_SESSION_CLASS': 'user', 'USERNAME': 'linux', 'TERM': 'xterm-256color', 'GNOME_DESKTOP_SESSION_ID': 'this-is-deprecated', 'PATH': '/opt/ros/jazzy/bin:/home/linux/.local/bin:/usr/local/sbin:/usr/local/bin:/usr/sbin:/usr/bin:/sbin:/bin:/usr/games:/usr/local/games:/snap/bin:/snap/bin', 'SESSION_MANAGER': 'local/linux-Aspire-A515-57:@/tmp/.ICE-unix/2311,unix/linux-Aspire-A515-57:/tmp/.ICE-unix/2311', 'INVOCATION_ID': '570a647d19bf4e0da38b9d9818503d08', 'XDG_MENU_PREFIX': 'gnome-', 'LC_ADDRESS': 'de_DE.UTF-8', 'GNOME_SETUP_DISPLAY': ':1', 'XDG_RUNTIME_DIR': '/run/user/1000', 'DISPLAY': ':0', 'TERMINATOR_DBUS_PATH': '/net/tenshu/Terminator2', 'LANG': 'en_US.UTF-8', 'XDG_CURRENT_DESKTOP': 'ubuntu:GNOME', 'LC_TELEPHONE': 'de_DE.UTF-8', 'XMODIFIERS': '@im=ibus', 'XDG_SESSION_DESKTOP': 'ubuntu', 'XAUTHORITY': '/run/user/1000/.mutter-Xwaylandauth.FW1352', 'LS_COLORS': 'rs=0:di=01;34:ln=01;36:mh=00:pi=40;33:so=01;35:do=01;35:bd=40;33;01:cd=40;33;01:or=40;31;01:mi=00:su=37;41:sg=30;43:ca=00:tw=30;42:ow=34;42:st=37;44:ex=01;32:*.tar=01;31:*.tgz=01;31:*.arc=01;31:*.arj=01;31:*.taz=01;31:*.lha=01;31:*.lz4=01;31:*.lzh=01;31:*.lzma=01;31:*.tlz=01;31:*.txz=01;31:*.tzo=01;31:*.t7z=01;31:*.zip=01;31:*.z=01;31:*.dz=01;31:*.gz=01;31:*.lrz=01;31:*.lz=01;31:*.lzo=01;31:*.xz=01;31:*.zst=01;31:*.tzst=01;31:*.bz2=01;31:*.bz=01;31:*.tbz=01;31:*.tbz2=01;31:*.tz=01;31:*.deb=01;31:*.rpm=01;31:*.jar=01;31:*.war=01;31:*.ear=01;31:*.sar=01;31:*.rar=01;31:*.alz=01;31:*.ace=01;31:*.zoo=01;31:*.cpio=01;31:*.7z=01;31:*.rz=01;31:*.cab=01;31:*.wim=01;31:*.swm=01;31:*.dwm=01;31:*.esd=01;31:*.avif=01;35:*.jpg=01;35:*.jpeg=01;35:*.mjpg=01;35:*.mjpeg=01;35:*.gif=01;35:*.bmp=01;35:*.pbm=01;35:*.pgm=01;35:*.ppm=01;35:*.tga=01;35:*.xbm=01;35:*.xpm=01;35:*.tif=01;35:*.tiff=01;35:*.png=01;35:*.svg=01;35:*.svgz=01;35:*.mng=01;35:*.pcx=01;35:*.mov=01;35:*.mpg=01;35:*.mpeg=01;35:*.m2v=01;35:*.mkv=01;35:*.webm=01;35:*.webp=01;35:*.ogm=01;35:*.mp4=01;35:*.m4v=01;35:*.mp4v=01;35:*.vob=01;35:*.qt=01;35:*.nuv=01;35:*.wmv=01;35:*.asf=01;35:*.rm=01;35:*.rmvb=01;35:*.flc=01;35:*.avi=01;35:*.fli=01;35:*.flv=01;35:*.gl=01;35:*.dl=01;35:*.xcf=01;35:*.xwd=01;35:*.yuv=01;35:*.cgm=01;35:*.emf=01;35:*.ogv=01;35:*.ogx=01;35:*.aac=00;36:*.au=00;36:*.flac=00;36:*.m4a=00;36:*.mid=00;36:*.midi=00;36:*.mka=00;36:*.mp3=00;36:*.mpc=00;36:*.ogg=00;36:*.ra=00;36:*.wav=00;36:*.oga=00;36:*.opus=00;36:*.spx=00;36:*.xspf=00;36:*~=00;90:*#=00;90:*.bak=00;90:*.crdownload=00;90:*.dpkg-dist=00;90:*.dpkg-new=00;90:*.dpkg-old=00;90:*.dpkg-tmp=00;90:*.old=00;90:*.orig=00;90:*.part=00;90:*.rej=00;90:*.rpmnew=00;90:*.rpmorig=00;90:*.rpmsave=00;90:*.swp=00;90:*.tmp=00;90:*.ucf-dist=00;90:*.ucf-new=00;90:*.ucf-old=00;90:', 'SSH_AUTH_SOCK': '/run/user/1000/keyring/ssh', 'ROS_DOMAIN_ID': '5', 'AMENT_PREFIX_PATH': '/home/linux/Master-thesis/Project-Code/ros2_ws/src/freddy_single_arm_control/install/motion_specification_interfaces:/home/linux/Master-thesis/Project-Code/ros2_ws/install/robot_controller2:/home/linux/Master-thesis/Project-Code/ros2_ws/install/motion_specification_action:/home/linux/Master-thesis/Project-Code/ros2_ws/install/motion_specification_interfaces:/home/linux/Master-thesis/Project-Code/ros2_ws/install/kinova_mediator:/opt/ros/jazzy', 'SHELL': '/bin/bash', 'LC_NAME': 'de_DE.UTF-8', 'TERMINATOR_UUID': 'urn:uuid:b7dbeffb-680b-438d-8ca6-8c0184019e6a', 'QT_ACCESSIBILITY': '1', 'GDMSESSION': 'ubuntu', 'LESSCLOSE': '/usr/bin/lesspipe %s %s', 'LC_MEASUREMENT': 'de_DE.UTF-8', 'GJS_DEBUG_OUTPUT': 'stderr', 'LC_IDENTIFICATION': 'de_DE.UTF-8', 'ROS_AUTOMATIC_DISCOVERY_RANGE': 'SUBNET', 'QT_IM_MODULE': 'ibus', 'PWD': '/home/linux/Master-thesis/Project-Code/ros2_ws/src/freddy_single_arm_control/build/motion_specification_action', 'LC_ALL': 'en_US.UTF-8', 'XDG_CONFIG_DIRS': '/etc/xdg/xdg-ubuntu:/etc/xdg', 'XDG_DATA_DIRS': '/usr/share/ubuntu:/usr/share/gnome:/usr/local/share/:/usr/share/:/var/lib/snapd/desktop', 'PYTHONPATH': '/home/linux/Master-thesis/Project-Code/ros2_ws/src/freddy_single_arm_control/install/motion_specification_interfaces/lib/python3.12/site-packages:/home/linux/Master-thesis/Project-Code/ros2_ws/install/robot_controller2/lib/python3.12/site-packages:/home/linux/Master-thesis/Project-Code/ros2_ws/install/motion_specification_interfaces/lib/python3.12/site-packages:/opt/ros/jazzy/lib/python3.12/site-packages', 'LC_NUMERIC': 'de_DE.UTF-8', 'LC_PAPER': 'de_DE.UTF-8', 'COLCON': '1', 'MEMORY_PRESSURE_WRITE': 'c29tZSAyMDAwMDAgMjAwMDAwMAA=', 'VTE_VERSION': '7600', 'CMAKE_PREFIX_PATH': '/home/linux/Master-thesis/Project-Code/ros2_ws/src/freddy_single_arm_control/install/motion_specification_interfaces:/home/linux/Master-thesis/Project-Code/ros2_ws/install/motion_specification_action:/home/linux/Master-thesis/Project-Code/ros2_ws/install/motion_specification_interfaces:/home/linux/Master-thesis/Project-Code/ros2_ws/install/kinova_mediator:/opt/ros/jazzy/opt/gz_math_vendor:/opt/ros/jazzy/opt/gz_utils_vendor:/opt/ros/jazzy/opt/gz_cmake_vendor:/home/linux/Master-thesis/Project-Code/ros2_ws/install/robot_controller2:/opt/ros/jazzy'}), 'shell': False}
[5.610036] (-) TimerEvent: {}
[5.629537] (motion_specification_action) StdoutLine: {'line': b'-- The C compiler identification is GNU 13.3.0\n'}
[5.678012] (motion_specification_action) StdoutLine: {'line': b'-- The CXX compiler identification is GNU 13.3.0\n'}
[5.692621] (motion_specification_action) StdoutLine: {'line': b'-- Detecting C compiler ABI info\n'}
[5.710128] (-) TimerEvent: {}
[5.764079] (motion_specification_action) StdoutLine: {'line': b'-- Detecting C compiler ABI info - done\n'}
[5.771139] (motion_specification_action) StdoutLine: {'line': b'-- Check for working C compiler: /usr/bin/cc - skipped\n'}
[5.771302] (motion_specification_action) StdoutLine: {'line': b'-- Detecting C compile features\n'}
[5.771507] (motion_specification_action) StdoutLine: {'line': b'-- Detecting C compile features - done\n'}
[5.779818] (motion_specification_action) StdoutLine: {'line': b'-- Detecting CXX compiler ABI info\n'}
[5.810216] (-) TimerEvent: {}
[5.870715] (motion_specification_action) StdoutLine: {'line': b'-- Detecting CXX compiler ABI info - done\n'}
[5.877406] (motion_specification_action) StdoutLine: {'line': b'-- Check for working CXX compiler: /usr/bin/c++ - skipped\n'}
[5.877574] (motion_specification_action) StdoutLine: {'line': b'-- Detecting CXX compile features\n'}
[5.877902] (motion_specification_action) StdoutLine: {'line': b'-- Detecting CXX compile features - done\n'}
[5.879733] (motion_specification_action) StdoutLine: {'line': b'-- Found ament_cmake: 2.5.3 (/opt/ros/jazzy/share/ament_cmake/cmake)\n'}
[5.910297] (-) TimerEvent: {}
[5.989031] (motion_specification_action) StdoutLine: {'line': b'-- Found Python3: /usr/bin/python3 (found version "3.12.3") found components: Interpreter \n'}
[6.010394] (-) TimerEvent: {}
[6.065131] (motion_specification_action) StdoutLine: {'line': b'-- Found motion_specification_interfaces: 0.0.0 (/home/linux/Master-thesis/Project-Code/ros2_ws/src/freddy_single_arm_control/install/motion_specification_interfaces/share/motion_specification_interfaces/cmake)\n'}
[6.095410] (motion_specification_action) StdoutLine: {'line': b'-- Found rosidl_generator_c: 4.6.5 (/opt/ros/jazzy/share/rosidl_generator_c/cmake)\n'}
[6.105530] (motion_specification_action) StdoutLine: {'line': b'-- Found rosidl_generator_cpp: 4.6.5 (/opt/ros/jazzy/share/rosidl_generator_cpp/cmake)\n'}
[6.110484] (-) TimerEvent: {}
[6.118574] (motion_specification_action) StdoutLine: {'line': b'-- Using all available rosidl_typesupport_c: rosidl_typesupport_fastrtps_c;rosidl_typesupport_introspection_c\n'}
[6.132908] (motion_specification_action) StdoutLine: {'line': b'-- Using all available rosidl_typesupport_cpp: rosidl_typesupport_fastrtps_cpp;rosidl_typesupport_introspection_cpp\n'}
[6.210213] (motion_specification_action) StdoutLine: {'line': b'-- Found rclcpp: 28.1.6 (/opt/ros/jazzy/share/rclcpp/cmake)\n'}
[6.210533] (-) TimerEvent: {}
[6.255250] (motion_specification_action) StdoutLine: {'line': b'-- Found rmw_implementation_cmake: 7.3.1 (/opt/ros/jazzy/share/rmw_implementation_cmake/cmake)\n'}
[6.257909] (motion_specification_action) StdoutLine: {'line': b'-- Found rmw_fastrtps_cpp: 8.4.1 (/opt/ros/jazzy/share/rmw_fastrtps_cpp/cmake)\n'}
[6.310666] (-) TimerEvent: {}
[6.342565] (motion_specification_action) StdoutLine: {'line': b'-- Found OpenSSL: /usr/lib/x86_64-linux-gnu/libcrypto.so (found version "3.0.13")  \n'}
[6.359528] (motion_specification_action) StdoutLine: {'line': b'-- Found FastRTPS: /opt/ros/jazzy/include (Required is at least version "2.13") \n'}
[6.379148] (motion_specification_action) StdoutLine: {'line': b"-- Using RMW implementation 'rmw_fastrtps_cpp' as default\n"}
[6.410827] (-) TimerEvent: {}
[6.447983] (motion_specification_action) StdoutLine: {'line': b'-- Found rclcpp_action: 28.1.6 (/opt/ros/jazzy/share/rclcpp_action/cmake)\n'}
[6.458892] (motion_specification_action) StdoutLine: {'line': b'-- Found rclcpp_components: 28.1.6 (/opt/ros/jazzy/share/rclcpp_components/cmake)\n'}
[6.493836] (motion_specification_action) StdoutLine: {'line': b'-- Found kdl_parser: 2.11.0 (/opt/ros/jazzy/share/kdl_parser/cmake)\n'}
[6.503501] (motion_specification_action) StdoutLine: {'line': b'-- Found eigen3_cmake_module: 0.3.0 (/opt/ros/jazzy/share/eigen3_cmake_module/cmake)\n'}
[6.504725] (motion_specification_action) StdoutLine: {'line': b'-- Found Eigen3: TRUE (found version "3.4.0") \n'}
[6.504862] (motion_specification_action) StdoutLine: {'line': b'-- Ensuring Eigen3 include directory is part of orocos-kdl CMake target\n'}
[6.509554] (motion_specification_action) StdoutLine: {'line': b'-- Found kinova_mediator: 0.1.0 (/home/linux/Master-thesis/Project-Code/ros2_ws/install/kinova_mediator/share/kinova_mediator/cmake)\n'}
[6.510891] (-) TimerEvent: {}
[6.512131] (motion_specification_action) StdoutLine: {'line': b'-- Found sensor_msgs: 5.3.5 (/opt/ros/jazzy/share/sensor_msgs/cmake)\n'}
[6.563769] (motion_specification_action) StdoutLine: {'line': b'-- Found tf2: 0.36.8 (/opt/ros/jazzy/share/tf2/cmake)\n'}
[6.567937] (motion_specification_action) StdoutLine: {'line': b'-- Found tf2_ros: 0.36.8 (/opt/ros/jazzy/share/tf2_ros/cmake)\n'}
[6.606858] (motion_specification_action) StdoutLine: {'line': b'-- Found tf2_geometry_msgs: 0.36.8 (/opt/ros/jazzy/share/tf2_geometry_msgs/cmake)\n'}
[6.610997] (-) TimerEvent: {}
[6.611295] (motion_specification_action) StdoutLine: {'line': b'-- Found tf2_kdl: 0.36.8 (/opt/ros/jazzy/share/tf2_kdl/cmake)\n'}
[6.621940] (motion_specification_action) StdoutLine: {'line': b'-- Found ament_lint_auto: 0.17.1 (/opt/ros/jazzy/share/ament_lint_auto/cmake)\n'}
[6.711164] (-) TimerEvent: {}
[6.714906] (motion_specification_action) StdoutLine: {'line': b"-- Added test 'cppcheck' to perform static code analysis on C / C++ code\n"}
[6.715225] (motion_specification_action) StdoutLine: {'line': b'-- Configured cppcheck include dirs: $<BUILD_INTERFACE:/home/linux/Master-thesis/Project-Code/ros2_ws/src/freddy_single_arm_control/motion_specification_action/include>;/home/linux/Master-thesis/Project-Code/ros2_ws/src/freddy_single_arm_control/motion_specification_action/../../kinova_mediator/kinova_api/include;/home/linux/Master-thesis/Project-Code/ros2_ws/src/freddy_single_arm_control/motion_specification_action/../../kinova_mediator/kinova_api/include/client;/home/linux/Master-thesis/Project-Code/ros2_ws/src/freddy_single_arm_control/motion_specification_action/../../kinova_mediator/kinova_api/include/client_stubs;/home/linux/Master-thesis/Project-Code/ros2_ws/src/freddy_single_arm_control/motion_specification_action/../../kinova_mediator/kinova_api/include/common;/home/linux/Master-thesis/Project-Code/ros2_ws/src/freddy_single_arm_control/motion_specification_action/../../kinova_mediator/kinova_api/include/google;/home/linux/Master-thesis/Project-Code/ros2_ws/src/freddy_single_arm_control/motion_specification_action/../../kinova_mediator/kinova_api/include/messages\n'}
[6.715388] (motion_specification_action) StdoutLine: {'line': b'-- Configured cppcheck exclude dirs and/or files: \n'}
[6.715945] (motion_specification_action) StdoutLine: {'line': b"-- Added test 'lint_cmake' to check CMake code style\n"}
[6.716981] (motion_specification_action) StdoutLine: {'line': b"-- Added test 'uncrustify' to check C / C++ code style\n"}
[6.717169] (motion_specification_action) StdoutLine: {'line': b'-- Configured uncrustify additional arguments: \n'}
[6.717432] (motion_specification_action) StdoutLine: {'line': b"-- Added test 'xmllint' to check XML markup files\n"}
[6.718362] (motion_specification_action) StdoutLine: {'line': b'-- Configuring done (1.1s)\n'}
[6.738506] (motion_specification_action) StdoutLine: {'line': b'-- Generating done (0.0s)\n'}
[6.745363] (motion_specification_action) StdoutLine: {'line': b'-- Build files have been written to: /home/linux/Master-thesis/Project-Code/ros2_ws/src/freddy_single_arm_control/build/motion_specification_action\n'}
[6.754091] (motion_specification_action) CommandEnded: {'returncode': 0}
[6.754760] (motion_specification_action) JobProgress: {'identifier': 'motion_specification_action', 'progress': 'build'}
[6.754808] (motion_specification_action) Command: {'cmd': ['/usr/bin/cmake', '--build', '/home/linux/Master-thesis/Project-Code/ros2_ws/src/freddy_single_arm_control/build/motion_specification_action', '--', '-j12', '-l12'], 'cwd': '/home/linux/Master-thesis/Project-Code/ros2_ws/src/freddy_single_arm_control/build/motion_specification_action', 'env': OrderedDict({'GJS_DEBUG_TOPICS': 'JS ERROR;JS LOG', 'XDG_ACTIVATION_TOKEN': 'gnome-shell/Terminator/2362-1-linux-Aspire-A515-57_TIME851154', 'LESSOPEN': '| /usr/bin/lesspipe %s', 'USER': 'linux', 'LC_TIME': 'de_DE.UTF-8', 'XDG_SESSION_TYPE': 'wayland', 'CLUTTER_DISABLE_MIPMAPPED_TEXT': '1', 'SHLVL': '1', 'LD_LIBRARY_PATH': '/home/linux/Master-thesis/Project-Code/ros2_ws/src/freddy_single_arm_control/install/motion_specification_interfaces/lib:/home/linux/Master-thesis/Project-Code/ros2_ws/install/motion_specification_action/lib:/home/linux/Master-thesis/Project-Code/ros2_ws/install/motion_specification_interfaces/lib:/home/linux/Master-thesis/Project-Code/ros2_ws/install/kinova_mediator/lib:/opt/ros/jazzy/opt/rviz_ogre_vendor/lib:/opt/ros/jazzy/lib/x86_64-linux-gnu:/opt/ros/jazzy/opt/gz_math_vendor/lib:/opt/ros/jazzy/opt/gz_utils_vendor/lib:/opt/ros/jazzy/opt/gz_cmake_vendor/lib:/opt/ros/jazzy/lib', 'HOME': '/home/linux', 'OLDPWD': '/home/linux/Master-thesis/Project-Code/ros2_ws', 'DESKTOP_SESSION': 'ubuntu', 'GIO_LAUNCHED_DESKTOP_FILE': '/usr/share/applications/terminator.desktop', 'ROS_PYTHON_VERSION': '3', 'GNOME_SHELL_SESSION_MODE': 'ubuntu', 'GTK_MODULES': 'gail:atk-bridge', 'LC_MONETARY': 'de_DE.UTF-8', 'MANAGERPID': '2060', 'SYSTEMD_EXEC_PID': '2362', 'GSM_SKIP_SSH_AGENT_WORKAROUND': 'true', 'DBUS_SESSION_BUS_ADDRESS': 'unix:path=/run/user/1000/bus', 'COLORTERM': 'truecolor', 'TERMINATOR_DBUS_NAME': 'net.tenshu.Terminator25ef4b219e3b005583550f2b0f9f990c3', 'GIO_LAUNCHED_DESKTOP_FILE_PID': '5441', 'DEBUGINFOD_URLS': 'https://debuginfod.ubuntu.com', 'IM_CONFIG_PHASE': '1', 'WAYLAND_DISPLAY': 'wayland-0', 'COLCON_PREFIX_PATH': '/home/linux/Master-thesis/Project-Code/ros2_ws/install', 'ROS_DISTRO': 'jazzy', 'LOGNAME': 'linux', 'JOURNAL_STREAM': '8:21917', '_': '/usr/bin/colcon', 'ROS_VERSION': '2', 'MEMORY_PRESSURE_WATCH': '/sys/fs/cgroup/user.slice/user-1000.slice/user@1000.service/session.slice/org.gnome.Shell@wayland.service/memory.pressure', 'XDG_SESSION_CLASS': 'user', 'USERNAME': 'linux', 'TERM': 'xterm-256color', 'GNOME_DESKTOP_SESSION_ID': 'this-is-deprecated', 'PATH': '/opt/ros/jazzy/bin:/home/linux/.local/bin:/usr/local/sbin:/usr/local/bin:/usr/sbin:/usr/bin:/sbin:/bin:/usr/games:/usr/local/games:/snap/bin:/snap/bin', 'SESSION_MANAGER': 'local/linux-Aspire-A515-57:@/tmp/.ICE-unix/2311,unix/linux-Aspire-A515-57:/tmp/.ICE-unix/2311', 'INVOCATION_ID': '570a647d19bf4e0da38b9d9818503d08', 'XDG_MENU_PREFIX': 'gnome-', 'LC_ADDRESS': 'de_DE.UTF-8', 'GNOME_SETUP_DISPLAY': ':1', 'XDG_RUNTIME_DIR': '/run/user/1000', 'DISPLAY': ':0', 'TERMINATOR_DBUS_PATH': '/net/tenshu/Terminator2', 'LANG': 'en_US.UTF-8', 'XDG_CURRENT_DESKTOP': 'ubuntu:GNOME', 'LC_TELEPHONE': 'de_DE.UTF-8', 'XMODIFIERS': '@im=ibus', 'XDG_SESSION_DESKTOP': 'ubuntu', 'XAUTHORITY': '/run/user/1000/.mutter-Xwaylandauth.FW1352', 'LS_COLORS': 'rs=0:di=01;34:ln=01;36:mh=00:pi=40;33:so=01;35:do=01;35:bd=40;33;01:cd=40;33;01:or=40;31;01:mi=00:su=37;41:sg=30;43:ca=00:tw=30;42:ow=34;42:st=37;44:ex=01;32:*.tar=01;31:*.tgz=01;31:*.arc=01;31:*.arj=01;31:*.taz=01;31:*.lha=01;31:*.lz4=01;31:*.lzh=01;31:*.lzma=01;31:*.tlz=01;31:*.txz=01;31:*.tzo=01;31:*.t7z=01;31:*.zip=01;31:*.z=01;31:*.dz=01;31:*.gz=01;31:*.lrz=01;31:*.lz=01;31:*.lzo=01;31:*.xz=01;31:*.zst=01;31:*.tzst=01;31:*.bz2=01;31:*.bz=01;31:*.tbz=01;31:*.tbz2=01;31:*.tz=01;31:*.deb=01;31:*.rpm=01;31:*.jar=01;31:*.war=01;31:*.ear=01;31:*.sar=01;31:*.rar=01;31:*.alz=01;31:*.ace=01;31:*.zoo=01;31:*.cpio=01;31:*.7z=01;31:*.rz=01;31:*.cab=01;31:*.wim=01;31:*.swm=01;31:*.dwm=01;31:*.esd=01;31:*.avif=01;35:*.jpg=01;35:*.jpeg=01;35:*.mjpg=01;35:*.mjpeg=01;35:*.gif=01;35:*.bmp=01;35:*.pbm=01;35:*.pgm=01;35:*.ppm=01;35:*.tga=01;35:*.xbm=01;35:*.xpm=01;35:*.tif=01;35:*.tiff=01;35:*.png=01;35:*.svg=01;35:*.svgz=01;35:*.mng=01;35:*.pcx=01;35:*.mov=01;35:*.mpg=01;35:*.mpeg=01;35:*.m2v=01;35:*.mkv=01;35:*.webm=01;35:*.webp=01;35:*.ogm=01;35:*.mp4=01;35:*.m4v=01;35:*.mp4v=01;35:*.vob=01;35:*.qt=01;35:*.nuv=01;35:*.wmv=01;35:*.asf=01;35:*.rm=01;35:*.rmvb=01;35:*.flc=01;35:*.avi=01;35:*.fli=01;35:*.flv=01;35:*.gl=01;35:*.dl=01;35:*.xcf=01;35:*.xwd=01;35:*.yuv=01;35:*.cgm=01;35:*.emf=01;35:*.ogv=01;35:*.ogx=01;35:*.aac=00;36:*.au=00;36:*.flac=00;36:*.m4a=00;36:*.mid=00;36:*.midi=00;36:*.mka=00;36:*.mp3=00;36:*.mpc=00;36:*.ogg=00;36:*.ra=00;36:*.wav=00;36:*.oga=00;36:*.opus=00;36:*.spx=00;36:*.xspf=00;36:*~=00;90:*#=00;90:*.bak=00;90:*.crdownload=00;90:*.dpkg-dist=00;90:*.dpkg-new=00;90:*.dpkg-old=00;90:*.dpkg-tmp=00;90:*.old=00;90:*.orig=00;90:*.part=00;90:*.rej=00;90:*.rpmnew=00;90:*.rpmorig=00;90:*.rpmsave=00;90:*.swp=00;90:*.tmp=00;90:*.ucf-dist=00;90:*.ucf-new=00;90:*.ucf-old=00;90:', 'SSH_AUTH_SOCK': '/run/user/1000/keyring/ssh', 'ROS_DOMAIN_ID': '5', 'AMENT_PREFIX_PATH': '/home/linux/Master-thesis/Project-Code/ros2_ws/src/freddy_single_arm_control/install/motion_specification_interfaces:/home/linux/Master-thesis/Project-Code/ros2_ws/install/robot_controller2:/home/linux/Master-thesis/Project-Code/ros2_ws/install/motion_specification_action:/home/linux/Master-thesis/Project-Code/ros2_ws/install/motion_specification_interfaces:/home/linux/Master-thesis/Project-Code/ros2_ws/install/kinova_mediator:/opt/ros/jazzy', 'SHELL': '/bin/bash', 'LC_NAME': 'de_DE.UTF-8', 'TERMINATOR_UUID': 'urn:uuid:b7dbeffb-680b-438d-8ca6-8c0184019e6a', 'QT_ACCESSIBILITY': '1', 'GDMSESSION': 'ubuntu', 'LESSCLOSE': '/usr/bin/lesspipe %s %s', 'LC_MEASUREMENT': 'de_DE.UTF-8', 'GJS_DEBUG_OUTPUT': 'stderr', 'LC_IDENTIFICATION': 'de_DE.UTF-8', 'ROS_AUTOMATIC_DISCOVERY_RANGE': 'SUBNET', 'QT_IM_MODULE': 'ibus', 'PWD': '/home/linux/Master-thesis/Project-Code/ros2_ws/src/freddy_single_arm_control/build/motion_specification_action', 'LC_ALL': 'en_US.UTF-8', 'XDG_CONFIG_DIRS': '/etc/xdg/xdg-ubuntu:/etc/xdg', 'XDG_DATA_DIRS': '/usr/share/ubuntu:/usr/share/gnome:/usr/local/share/:/usr/share/:/var/lib/snapd/desktop', 'PYTHONPATH': '/home/linux/Master-thesis/Project-Code/ros2_ws/src/freddy_single_arm_control/install/motion_specification_interfaces/lib/python3.12/site-packages:/home/linux/Master-thesis/Project-Code/ros2_ws/install/robot_controller2/lib/python3.12/site-packages:/home/linux/Master-thesis/Project-Code/ros2_ws/install/motion_specification_interfaces/lib/python3.12/site-packages:/opt/ros/jazzy/lib/python3.12/site-packages', 'LC_NUMERIC': 'de_DE.UTF-8', 'LC_PAPER': 'de_DE.UTF-8', 'COLCON': '1', 'MEMORY_PRESSURE_WRITE': 'c29tZSAyMDAwMDAgMjAwMDAwMAA=', 'VTE_VERSION': '7600', 'CMAKE_PREFIX_PATH': '/home/linux/Master-thesis/Project-Code/ros2_ws/src/freddy_single_arm_control/install/motion_specification_interfaces:/home/linux/Master-thesis/Project-Code/ros2_ws/install/motion_specification_action:/home/linux/Master-thesis/Project-Code/ros2_ws/install/motion_specification_interfaces:/home/linux/Master-thesis/Project-Code/ros2_ws/install/kinova_mediator:/opt/ros/jazzy/opt/gz_math_vendor:/opt/ros/jazzy/opt/gz_utils_vendor:/opt/ros/jazzy/opt/gz_cmake_vendor:/home/linux/Master-thesis/Project-Code/ros2_ws/install/robot_controller2:/opt/ros/jazzy'}), 'shell': False}
[6.802476] (motion_specification_action) StdoutLine: {'line': b'[ 10%] \x1b[32mBuilding CXX object CMakeFiles/action_server.dir/src/motion_specification_server.cpp.o\x1b[0m\n'}
[6.802929] (motion_specification_action) StdoutLine: {'line': b'[ 20%] \x1b[32mBuilding C object CMakeFiles/action_server.dir/src/control_blocks.c.o\x1b[0m\n'}
[6.805976] (motion_specification_action) StdoutLine: {'line': b'[ 30%] \x1b[32mBuilding C object CMakeFiles/action_server.dir/src/monitors.c.o\x1b[0m\n'}
[6.806315] (motion_specification_action) StdoutLine: {'line': b'[ 40%] \x1b[32mBuilding CXX object CMakeFiles/motion_specification_action_client.dir/rclcpp_components/node_main_motion_specification_action_client.cpp.o\x1b[0m\n'}
[6.807134] (motion_specification_action) StdoutLine: {'line': b'[ 50%] \x1b[32mBuilding CXX object CMakeFiles/action_client.dir/src/motion_specification_client.cpp.o\x1b[0m\n'}
[6.808386] (motion_specification_action) StdoutLine: {'line': b'[ 60%] \x1b[32mBuilding CXX object CMakeFiles/motion_specification_action_server.dir/rclcpp_components/node_main_motion_specification_action_server.cpp.o\x1b[0m\n'}
[6.811275] (-) TimerEvent: {}
[6.911809] (-) TimerEvent: {}
[6.951551] (motion_specification_action) StderrLine: {'line': b'\x1b[01m\x1b[K/home/linux/Master-thesis/Project-Code/ros2_ws/src/freddy_single_arm_control/motion_specification_action/src/control_blocks.c:\x1b[m\x1b[K In function \xe2\x80\x98\x1b[01m\x1b[Ksaturation\x1b[m\x1b[K\xe2\x80\x99:\n'}
[6.953485] (motion_specification_action) StderrLine: {'line': b'\x1b[01m\x1b[K/home/linux/Master-thesis/Project-Code/ros2_ws/src/freddy_single_arm_control/motion_specification_action/src/control_blocks.c:47:12:\x1b[m\x1b[K \x1b[01;35m\x1b[Kwarning: \x1b[m\x1b[Kunused variable \xe2\x80\x98\x1b[01m\x1b[Koutput\x1b[m\x1b[K\xe2\x80\x99 [\x1b[01;35m\x1b[K\x1b]8;;https://gcc.gnu.org/onlinedocs/gcc/Warning-Options.html#index-Wunused-variable\x07-Wunused-variable\x1b]8;;\x07\x1b[m\x1b[K]\n'}
[6.954366] (motion_specification_action) StderrLine: {'line': b'   47 |     double \x1b[01;35m\x1b[Koutput\x1b[m\x1b[K;\n'}
[6.955039] (motion_specification_action) StderrLine: {'line': b'      |            \x1b[01;35m\x1b[K^~~~~~\x1b[m\x1b[K\n'}
[7.012022] (-) TimerEvent: {}
[7.012356] (motion_specification_action) StderrLine: {'line': b'\x1b[01m\x1b[K/home/linux/Master-thesis/Project-Code/ros2_ws/src/freddy_single_arm_control/motion_specification_action/src/monitors.c:\x1b[m\x1b[K In function \xe2\x80\x98\x1b[01m\x1b[Kget_current_time_sec\x1b[m\x1b[K\xe2\x80\x99:\n'}
[7.012587] (motion_specification_action) StderrLine: {'line': b'\x1b[01m\x1b[K/home/linux/Master-thesis/Project-Code/ros2_ws/src/freddy_single_arm_control/motion_specification_action/src/monitors.c:166:5:\x1b[m\x1b[K \x1b[01;35m\x1b[Kwarning: \x1b[m\x1b[Kimplicit declaration of function \xe2\x80\x98\x1b[01m\x1b[Kgettimeofday\x1b[m\x1b[K\xe2\x80\x99 [\x1b[01;35m\x1b[K\x1b]8;;https://gcc.gnu.org/onlinedocs/gcc/Warning-Options.html#index-Wimplicit-function-declaration\x07-Wimplicit-function-declaration\x1b]8;;\x07\x1b[m\x1b[K]\n'}
[7.012660] (motion_specification_action) StderrLine: {'line': b'  166 |     \x1b[01;35m\x1b[Kgettimeofday\x1b[m\x1b[K(&tv, NULL);\n'}
[7.012721] (motion_specification_action) StderrLine: {'line': b'      |     \x1b[01;35m\x1b[K^~~~~~~~~~~~\x1b[m\x1b[K\n'}
[7.112233] (-) TimerEvent: {}
[7.212591] (-) TimerEvent: {}
[7.312896] (-) TimerEvent: {}
[7.413272] (-) TimerEvent: {}
[7.513640] (-) TimerEvent: {}
[7.613973] (-) TimerEvent: {}
[7.714330] (-) TimerEvent: {}
[7.814720] (-) TimerEvent: {}
[7.915139] (-) TimerEvent: {}
[8.015490] (-) TimerEvent: {}
[8.115773] (-) TimerEvent: {}
[8.216131] (-) TimerEvent: {}
[8.316458] (-) TimerEvent: {}
[8.416799] (-) TimerEvent: {}
[8.517182] (-) TimerEvent: {}
[8.617569] (-) TimerEvent: {}
[8.717926] (-) TimerEvent: {}
[8.818245] (-) TimerEvent: {}
[8.918592] (-) TimerEvent: {}
[9.018907] (-) TimerEvent: {}
[9.119243] (-) TimerEvent: {}
[9.219555] (-) TimerEvent: {}
[9.319861] (-) TimerEvent: {}
[9.420251] (-) TimerEvent: {}
[9.520538] (-) TimerEvent: {}
[9.574345] (motion_specification_action) StdoutLine: {'line': b'[ 70%] \x1b[32m\x1b[1mLinking CXX executable motion_specification_action_client\x1b[0m\n'}
[9.620655] (-) TimerEvent: {}
[9.706842] (motion_specification_action) StdoutLine: {'line': b'[ 70%] Built target motion_specification_action_client\n'}
[9.720786] (-) TimerEvent: {}
[9.821052] (-) TimerEvent: {}
[9.921363] (-) TimerEvent: {}
[9.953823] (motion_specification_action) StdoutLine: {'line': b'[ 80%] \x1b[32m\x1b[1mLinking CXX executable motion_specification_action_server\x1b[0m\n'}
[10.021472] (-) TimerEvent: {}
[10.066847] (motion_specification_action) StdoutLine: {'line': b'[ 80%] Built target motion_specification_action_server\n'}
[10.121601] (-) TimerEvent: {}
[10.221889] (-) TimerEvent: {}
[10.322129] (-) TimerEvent: {}
[10.422420] (-) TimerEvent: {}
[10.522725] (-) TimerEvent: {}
[10.603412] (motion_specification_action) StdoutLine: {'line': b'[ 90%] \x1b[32m\x1b[1mLinking CXX shared library libaction_client.so\x1b[0m\n'}
[10.622860] (-) TimerEvent: {}
[10.723231] (-) TimerEvent: {}
[10.735166] (motion_specification_action) StdoutLine: {'line': b'[ 90%] Built target action_client\n'}
[10.823341] (-) TimerEvent: {}
[10.925142] (-) TimerEvent: {}
[11.028298] (-) TimerEvent: {}
[11.128633] (-) TimerEvent: {}
[11.228931] (-) TimerEvent: {}
[11.329265] (-) TimerEvent: {}
[11.432189] (-) TimerEvent: {}
[11.526632] (motion_specification_action) StderrLine: {'line': b'In file included from \x1b[01m\x1b[K/home/linux/Master-thesis/Project-Code/ros2_ws/src/freddy_single_arm_control/motion_specification_action/src/motion_specification_server.cpp:1\x1b[m\x1b[K:\n'}
[11.526885] (motion_specification_action) StderrLine: {'line': b'\x1b[01m\x1b[K/home/linux/Master-thesis/Project-Code/ros2_ws/src/freddy_single_arm_control/motion_specification_action/include/motion_specification_action/motion_specification_server.hpp:\x1b[m\x1b[K In constructor \xe2\x80\x98\x1b[01m\x1b[Kmotion_specification_action::MotionSpecificationActionServer::\x1b[01;32m\x1b[KMotionSpecificationActionServer\x1b[m\x1b[K(const rclcpp::NodeOptions&)\x1b[m\x1b[K\xe2\x80\x99:\n'}
[11.526984] (motion_specification_action) StderrLine: {'line': b'\x1b[01m\x1b[K/home/linux/Master-thesis/Project-Code/ros2_ws/src/freddy_single_arm_control/motion_specification_action/include/motion_specification_action/motion_specification_server.hpp:188:19:\x1b[m\x1b[K \x1b[01;35m\x1b[Kwarning: \x1b[m\x1b[K\xe2\x80\x98\x1b[01m\x1b[Kmotion_specification_action::MotionSpecificationActionServer::torques_gravity_compensation\x1b[m\x1b[K\xe2\x80\x99 will be initialized after [\x1b[01;35m\x1b[K\x1b]8;;https://gcc.gnu.org/onlinedocs/gcc/Warning-Options.html#index-Wreorder\x07-Wreorder\x1b]8;;\x07\x1b[m\x1b[K]\n'}
[11.527140] (motion_specification_action) StderrLine: {'line': b'  188 |     KDL::JntArray \x1b[01;35m\x1b[Ktorques_gravity_compensation\x1b[m\x1b[K;\n'}
[11.527262] (motion_specification_action) StderrLine: {'line': b'      |                   \x1b[01;35m\x1b[K^~~~~~~~~~~~~~~~~~~~~~~~~~~~\x1b[m\x1b[K\n'}
[11.527387] (motion_specification_action) StderrLine: {'line': b'\x1b[01m\x1b[K/home/linux/Master-thesis/Project-Code/ros2_ws/src/freddy_single_arm_control/motion_specification_action/include/motion_specification_action/motion_specification_server.hpp:187:19:\x1b[m\x1b[K \x1b[01;35m\x1b[Kwarning: \x1b[m\x1b[K  \xe2\x80\x98\x1b[01m\x1b[KKDL::JntArray motion_specification_action::MotionSpecificationActionServer::jnt_velocities\x1b[m\x1b[K\xe2\x80\x99 [\x1b[01;35m\x1b[K\x1b]8;;https://gcc.gnu.org/onlinedocs/gcc/Warning-Options.html#index-Wreorder\x07-Wreorder\x1b]8;;\x07\x1b[m\x1b[K]\n'}
[11.527498] (motion_specification_action) StderrLine: {'line': b'  187 |     KDL::JntArray \x1b[01;35m\x1b[Kjnt_velocities\x1b[m\x1b[K; // has only joint velocities of all joints\n'}
[11.527584] (motion_specification_action) StderrLine: {'line': b'      |                   \x1b[01;35m\x1b[K^~~~~~~~~~~~~~\x1b[m\x1b[K\n'}
[11.527668] (motion_specification_action) StderrLine: {'line': b'\x1b[01m\x1b[K/home/linux/Master-thesis/Project-Code/ros2_ws/src/freddy_single_arm_control/motion_specification_action/src/motion_specification_server.cpp:5:3:\x1b[m\x1b[K \x1b[01;35m\x1b[Kwarning: \x1b[m\x1b[K  when initialized here [\x1b[01;35m\x1b[K\x1b]8;;https://gcc.gnu.org/onlinedocs/gcc/Warning-Options.html#index-Wreorder\x07-Wreorder\x1b]8;;\x07\x1b[m\x1b[K]\n'}
[11.527756] (motion_specification_action) StderrLine: {'line': b'    5 |   \x1b[01;35m\x1b[KMotionSpecificationActionServer\x1b[m\x1b[K::MotionSpecificationActionServer(const rclcpp::NodeOptions &options)\n'}
[11.527842] (motion_specification_action) StderrLine: {'line': b'      |   \x1b[01;35m\x1b[K^~~~~~~~~~~~~~~~~~~~~~~~~~~~~~~\x1b[m\x1b[K\n'}
[11.527923] (motion_specification_action) StderrLine: {'line': b'\x1b[01m\x1b[K/home/linux/Master-thesis/Project-Code/ros2_ws/src/freddy_single_arm_control/motion_specification_action/include/motion_specification_action/motion_specification_server.hpp:195:19:\x1b[m\x1b[K \x1b[01;35m\x1b[Kwarning: \x1b[m\x1b[K\xe2\x80\x98\x1b[01m\x1b[Kmotion_specification_action::MotionSpecificationActionServer::zero_jnt_velocities\x1b[m\x1b[K\xe2\x80\x99 will be initialized after [\x1b[01;35m\x1b[K\x1b]8;;https://gcc.gnu.org/onlinedocs/gcc/Warning-Options.html#index-Wreorder\x07-Wreorder\x1b]8;;\x07\x1b[m\x1b[K]\n'}
[11.528004] (motion_specification_action) StderrLine: {'line': b'  195 |     KDL::JntArray \x1b[01;35m\x1b[Kzero_jnt_velocities\x1b[m\x1b[K;\n'}
[11.528092] (motion_specification_action) StderrLine: {'line': b'      |                   \x1b[01;35m\x1b[K^~~~~~~~~~~~~~~~~~~\x1b[m\x1b[K\n'}
[11.528192] (motion_specification_action) StderrLine: {'line': b'\x1b[01m\x1b[K/home/linux/Master-thesis/Project-Code/ros2_ws/src/freddy_single_arm_control/motion_specification_action/include/motion_specification_action/motion_specification_server.hpp:114:23:\x1b[m\x1b[K \x1b[01;35m\x1b[Kwarning: \x1b[m\x1b[K  \xe2\x80\x98\x1b[01m\x1b[Kstd::atomic<bool> motion_specification_action::MotionSpecificationActionServer::switch_to_joint_impendance_control\x1b[m\x1b[K\xe2\x80\x99 [\x1b[01;35m\x1b[K\x1b]8;;https://gcc.gnu.org/onlinedocs/gcc/Warning-Options.html#index-Wreorder\x07-Wreorder\x1b]8;;\x07\x1b[m\x1b[K]\n'}
[11.528279] (motion_specification_action) StderrLine: {'line': b'  114 |     std::atomic<bool> \x1b[01;35m\x1b[Kswitch_to_joint_impendance_control\x1b[m\x1b[K; // when control loop is running and no active ms is specified after the first one onwards\n'}
[11.528367] (motion_specification_action) StderrLine: {'line': b'      |                       \x1b[01;35m\x1b[K^~~~~~~~~~~~~~~~~~~~~~~~~~~~~~~~~~\x1b[m\x1b[K\n'}
[11.528443] (motion_specification_action) StderrLine: {'line': b'\x1b[01m\x1b[K/home/linux/Master-thesis/Project-Code/ros2_ws/src/freddy_single_arm_control/motion_specification_action/src/motion_specification_server.cpp:5:3:\x1b[m\x1b[K \x1b[01;35m\x1b[Kwarning: \x1b[m\x1b[K  when initialized here [\x1b[01;35m\x1b[K\x1b]8;;https://gcc.gnu.org/onlinedocs/gcc/Warning-Options.html#index-Wreorder\x07-Wreorder\x1b]8;;\x07\x1b[m\x1b[K]\n'}
[11.528526] (motion_specification_action) StderrLine: {'line': b'    5 |   \x1b[01;35m\x1b[KMotionSpecificationActionServer\x1b[m\x1b[K::MotionSpecificationActionServer(const rclcpp::NodeOptions &options)\n'}
[11.528613] (motion_specification_action) StderrLine: {'line': b'      |   \x1b[01;35m\x1b[K^~~~~~~~~~~~~~~~~~~~~~~~~~~~~~~\x1b[m\x1b[K\n'}
[11.528692] (motion_specification_action) StderrLine: {'line': b'\x1b[01m\x1b[K/home/linux/Master-thesis/Project-Code/ros2_ws/src/freddy_single_arm_control/motion_specification_action/include/motion_specification_action/motion_specification_server.hpp:207:12:\x1b[m\x1b[K \x1b[01;35m\x1b[Kwarning: \x1b[m\x1b[K\xe2\x80\x98\x1b[01m\x1b[Kmotion_specification_action::MotionSpecificationActionServer::jnt_angle_diff\x1b[m\x1b[K\xe2\x80\x99 will be initialized after [\x1b[01;35m\x1b[K\x1b]8;;https://gcc.gnu.org/onlinedocs/gcc/Warning-Options.html#index-Wreorder\x07-Wreorder\x1b]8;;\x07\x1b[m\x1b[K]\n'}
[11.528786] (motion_specification_action) StderrLine: {'line': b'  207 |     double \x1b[01;35m\x1b[Kjnt_angle_diff\x1b[m\x1b[K;\n'}
[11.528865] (motion_specification_action) StderrLine: {'line': b'      |            \x1b[01;35m\x1b[K^~~~~~~~~~~~~~\x1b[m\x1b[K\n'}
[11.528944] (motion_specification_action) StderrLine: {'line': b'\x1b[01m\x1b[K/home/linux/Master-thesis/Project-Code/ros2_ws/src/freddy_single_arm_control/motion_specification_action/include/motion_specification_action/motion_specification_server.hpp:141:9:\x1b[m\x1b[K \x1b[01;35m\x1b[Kwarning: \x1b[m\x1b[K  \xe2\x80\x98\x1b[01m\x1b[Kint motion_specification_action::MotionSpecificationActionServer::pre_condition_constraint_count\x1b[m\x1b[K\xe2\x80\x99 [\x1b[01;35m\x1b[K\x1b]8;;https://gcc.gnu.org/onlinedocs/gcc/Warning-Options.html#index-Wreorder\x07-Wreorder\x1b]8;;\x07\x1b[m\x1b[K]\n'}
[11.529029] (motion_specification_action) StderrLine: {'line': b'  141 |     int \x1b[01;35m\x1b[Kpre_condition_constraint_count\x1b[m\x1b[K;\n'}
[11.529118] (motion_specification_action) StderrLine: {'line': b'      |         \x1b[01;35m\x1b[K^~~~~~~~~~~~~~~~~~~~~~~~~~~~~~\x1b[m\x1b[K\n'}
[11.529189] (motion_specification_action) StderrLine: {'line': b'\x1b[01m\x1b[K/home/linux/Master-thesis/Project-Code/ros2_ws/src/freddy_single_arm_control/motion_specification_action/src/motion_specification_server.cpp:5:3:\x1b[m\x1b[K \x1b[01;35m\x1b[Kwarning: \x1b[m\x1b[K  when initialized here [\x1b[01;35m\x1b[K\x1b]8;;https://gcc.gnu.org/onlinedocs/gcc/Warning-Options.html#index-Wreorder\x07-Wreorder\x1b]8;;\x07\x1b[m\x1b[K]\n'}
[11.529296] (motion_specification_action) StderrLine: {'line': b'    5 |   \x1b[01;35m\x1b[KMotionSpecificationActionServer\x1b[m\x1b[K::MotionSpecificationActionServer(const rclcpp::NodeOptions &options)\n'}
[11.529382] (motion_specification_action) StderrLine: {'line': b'      |   \x1b[01;35m\x1b[K^~~~~~~~~~~~~~~~~~~~~~~~~~~~~~~\x1b[m\x1b[K\n'}
[11.529452] (motion_specification_action) StderrLine: {'line': b'\x1b[01m\x1b[K/home/linux/Master-thesis/Project-Code/ros2_ws/src/freddy_single_arm_control/motion_specification_action/include/motion_specification_action/motion_specification_server.hpp:281:9:\x1b[m\x1b[K \x1b[01;35m\x1b[Kwarning: \x1b[m\x1b[K\xe2\x80\x98\x1b[01m\x1b[Kmotion_specification_action::MotionSpecificationActionServer::iterationCount\x1b[m\x1b[K\xe2\x80\x99 will be initialized after [\x1b[01;35m\x1b[K\x1b]8;;https://gcc.gnu.org/onlinedocs/gcc/Warning-Options.html#index-Wreorder\x07-Wreorder\x1b]8;;\x07\x1b[m\x1b[K]\n'}
[11.529526] (motion_specification_action) StderrLine: {'line': b'  281 |     int \x1b[01;35m\x1b[KiterationCount\x1b[m\x1b[K;\n'}
[11.529591] (motion_specification_action) StderrLine: {'line': b'      |         \x1b[01;35m\x1b[K^~~~~~~~~~~~~~\x1b[m\x1b[K\n'}
[11.529656] (motion_specification_action) StderrLine: {'line': b'\x1b[01m\x1b[K/home/linux/Master-thesis/Project-Code/ros2_ws/src/freddy_single_arm_control/motion_specification_action/include/motion_specification_action/motion_specification_server.hpp:146:9:\x1b[m\x1b[K \x1b[01;35m\x1b[Kwarning: \x1b[m\x1b[K  \xe2\x80\x98\x1b[01m\x1b[Kint motion_specification_action::MotionSpecificationActionServer::frequency_of_state_publish\x1b[m\x1b[K\xe2\x80\x99 [\x1b[01;35m\x1b[K\x1b]8;;https://gcc.gnu.org/onlinedocs/gcc/Warning-Options.html#index-Wreorder\x07-Wreorder\x1b]8;;\x07\x1b[m\x1b[K]\n'}
[11.529739] (motion_specification_action) StderrLine: {'line': b'  146 |     int \x1b[01;35m\x1b[Kfrequency_of_state_publish\x1b[m\x1b[K;\n'}
[11.529823] (motion_specification_action) StderrLine: {'line': b'      |         \x1b[01;35m\x1b[K^~~~~~~~~~~~~~~~~~~~~~~~~~\x1b[m\x1b[K\n'}
[11.529900] (motion_specification_action) StderrLine: {'line': b'\x1b[01m\x1b[K/home/linux/Master-thesis/Project-Code/ros2_ws/src/freddy_single_arm_control/motion_specification_action/src/motion_specification_server.cpp:5:3:\x1b[m\x1b[K \x1b[01;35m\x1b[Kwarning: \x1b[m\x1b[K  when initialized here [\x1b[01;35m\x1b[K\x1b]8;;https://gcc.gnu.org/onlinedocs/gcc/Warning-Options.html#index-Wreorder\x07-Wreorder\x1b]8;;\x07\x1b[m\x1b[K]\n'}
[11.529992] (motion_specification_action) StderrLine: {'line': b'    5 |   \x1b[01;35m\x1b[KMotionSpecificationActionServer\x1b[m\x1b[K::MotionSpecificationActionServer(const rclcpp::NodeOptions &options)\n'}
[11.534209] (-) TimerEvent: {}
[11.534587] (motion_specification_action) StderrLine: {'line': b'      |   \x1b[01;35m\x1b[K^~~~~~~~~~~~~~~~~~~~~~~~~~~~~~~\x1b[m\x1b[K\n'}
[11.534799] (motion_specification_action) StderrLine: {'line': b'\x1b[01m\x1b[K/home/linux/Master-thesis/Project-Code/ros2_ws/src/freddy_single_arm_control/motion_specification_action/include/motion_specification_action/motion_specification_server.hpp:277:27:\x1b[m\x1b[K \x1b[01;35m\x1b[Kwarning: \x1b[m\x1b[K\xe2\x80\x98\x1b[01m\x1b[Kmotion_specification_action::MotionSpecificationActionServer::desired_quat_FrameName\x1b[m\x1b[K\xe2\x80\x99 will be initialized after [\x1b[01;35m\x1b[K\x1b]8;;https://gcc.gnu.org/onlinedocs/gcc/Warning-Options.html#index-Wreorder\x07-Wreorder\x1b]8;;\x07\x1b[m\x1b[K]\n'}
[11.534913] (motion_specification_action) StderrLine: {'line': b'  277 |     std::array<double, 4> \x1b[01;35m\x1b[Kdesired_quat_FrameName\x1b[m\x1b[K;\n'}
[11.535003] (motion_specification_action) StderrLine: {'line': b'      |                           \x1b[01;35m\x1b[K^~~~~~~~~~~~~~~~~~~~~~\x1b[m\x1b[K\n'}
[11.535096] (motion_specification_action) StderrLine: {'line': b'\x1b[01m\x1b[K/home/linux/Master-thesis/Project-Code/ros2_ws/src/freddy_single_arm_control/motion_specification_action/include/motion_specification_action/motion_specification_server.hpp:225:27:\x1b[m\x1b[K \x1b[01;35m\x1b[Kwarning: \x1b[m\x1b[K  \xe2\x80\x98\x1b[01m\x1b[Kstd::array<double, 4> motion_specification_action::MotionSpecificationActionServer::measured_quat_FrameName\x1b[m\x1b[K\xe2\x80\x99 [\x1b[01;35m\x1b[K\x1b]8;;https://gcc.gnu.org/onlinedocs/gcc/Warning-Options.html#index-Wreorder\x07-Wreorder\x1b]8;;\x07\x1b[m\x1b[K]\n'}
[11.535196] (motion_specification_action) StderrLine: {'line': b'  225 |     std::array<double, 4> \x1b[01;35m\x1b[Kmeasured_quat_FrameName\x1b[m\x1b[K;\n'}
[11.535297] (motion_specification_action) StderrLine: {'line': b'      |                           \x1b[01;35m\x1b[K^~~~~~~~~~~~~~~~~~~~~~~\x1b[m\x1b[K\n'}
[11.535379] (motion_specification_action) StderrLine: {'line': b'\x1b[01m\x1b[K/home/linux/Master-thesis/Project-Code/ros2_ws/src/freddy_single_arm_control/motion_specification_action/src/motion_specification_server.cpp:5:3:\x1b[m\x1b[K \x1b[01;35m\x1b[Kwarning: \x1b[m\x1b[K  when initialized here [\x1b[01;35m\x1b[K\x1b]8;;https://gcc.gnu.org/onlinedocs/gcc/Warning-Options.html#index-Wreorder\x07-Wreorder\x1b]8;;\x07\x1b[m\x1b[K]\n'}
[11.535475] (motion_specification_action) StderrLine: {'line': b'    5 |   \x1b[01;35m\x1b[KMotionSpecificationActionServer\x1b[m\x1b[K::MotionSpecificationActionServer(const rclcpp::NodeOptions &options)\n'}
[11.535560] (motion_specification_action) StderrLine: {'line': b'      |   \x1b[01;35m\x1b[K^~~~~~~~~~~~~~~~~~~~~~~~~~~~~~~\x1b[m\x1b[K\n'}
[11.535636] (motion_specification_action) StderrLine: {'line': b'\x1b[01m\x1b[K/home/linux/Master-thesis/Project-Code/ros2_ws/src/freddy_single_arm_control/motion_specification_action/include/motion_specification_action/motion_specification_server.hpp:225:27:\x1b[m\x1b[K \x1b[01;35m\x1b[Kwarning: \x1b[m\x1b[K\xe2\x80\x98\x1b[01m\x1b[Kmotion_specification_action::MotionSpecificationActionServer::measured_quat_FrameName\x1b[m\x1b[K\xe2\x80\x99 will be initialized after [\x1b[01;35m\x1b[K\x1b]8;;https://gcc.gnu.org/onlinedocs/gcc/Warning-Options.html#index-Wreorder\x07-Wreorder\x1b]8;;\x07\x1b[m\x1b[K]\n'}
[11.535719] (motion_specification_action) StderrLine: {'line': b'  225 |     std::array<double, 4> \x1b[01;35m\x1b[Kmeasured_quat_FrameName\x1b[m\x1b[K;\n'}
[11.535792] (motion_specification_action) StderrLine: {'line': b'      |                           \x1b[01;35m\x1b[K^~~~~~~~~~~~~~~~~~~~~~~\x1b[m\x1b[K\n'}
[11.535869] (motion_specification_action) StderrLine: {'line': b'\x1b[01m\x1b[K/home/linux/Master-thesis/Project-Code/ros2_ws/src/freddy_single_arm_control/motion_specification_action/include/motion_specification_action/motion_specification_server.hpp:221:12:\x1b[m\x1b[K \x1b[01;35m\x1b[Kwarning: \x1b[m\x1b[K  \xe2\x80\x98\x1b[01m\x1b[Kdouble motion_specification_action::MotionSpecificationActionServer::measured_lin_pos_x_axis_data\x1b[m\x1b[K\xe2\x80\x99 [\x1b[01;35m\x1b[K\x1b]8;;https://gcc.gnu.org/onlinedocs/gcc/Warning-Options.html#index-Wreorder\x07-Wreorder\x1b]8;;\x07\x1b[m\x1b[K]\n'}
[11.535965] (motion_specification_action) StderrLine: {'line': b'  221 |     double \x1b[01;35m\x1b[Kmeasured_lin_pos_x_axis_data\x1b[m\x1b[K;\n'}
[11.536047] (motion_specification_action) StderrLine: {'line': b'      |            \x1b[01;35m\x1b[K^~~~~~~~~~~~~~~~~~~~~~~~~~~~\x1b[m\x1b[K\n'}
[11.536147] (motion_specification_action) StderrLine: {'line': b'\x1b[01m\x1b[K/home/linux/Master-thesis/Project-Code/ros2_ws/src/freddy_single_arm_control/motion_specification_action/src/motion_specification_server.cpp:5:3:\x1b[m\x1b[K \x1b[01;35m\x1b[Kwarning: \x1b[m\x1b[K  when initialized here [\x1b[01;35m\x1b[K\x1b]8;;https://gcc.gnu.org/onlinedocs/gcc/Warning-Options.html#index-Wreorder\x07-Wreorder\x1b]8;;\x07\x1b[m\x1b[K]\n'}
[11.536230] (motion_specification_action) StderrLine: {'line': b'    5 |   \x1b[01;35m\x1b[KMotionSpecificationActionServer\x1b[m\x1b[K::MotionSpecificationActionServer(const rclcpp::NodeOptions &options)\n'}
[11.536312] (motion_specification_action) StderrLine: {'line': b'      |   \x1b[01;35m\x1b[K^~~~~~~~~~~~~~~~~~~~~~~~~~~~~~~\x1b[m\x1b[K\n'}
[11.536394] (motion_specification_action) StderrLine: {'line': b'\x1b[01m\x1b[K/home/linux/Master-thesis/Project-Code/ros2_ws/src/freddy_single_arm_control/motion_specification_action/include/motion_specification_action/motion_specification_server.hpp:273:12:\x1b[m\x1b[K \x1b[01;35m\x1b[Kwarning: \x1b[m\x1b[K\xe2\x80\x98\x1b[01m\x1b[Kmotion_specification_action::MotionSpecificationActionServer::force_to_apply_z_axis\x1b[m\x1b[K\xe2\x80\x99 will be initialized after [\x1b[01;35m\x1b[K\x1b]8;;https://gcc.gnu.org/onlinedocs/gcc/Warning-Options.html#index-Wreorder\x07-Wreorder\x1b]8;;\x07\x1b[m\x1b[K]\n'}
[11.536497] (motion_specification_action) StderrLine: {'line': b'  273 |     double \x1b[01;35m\x1b[Kforce_to_apply_z_axis\x1b[m\x1b[K;\n'}
[11.536576] (motion_specification_action) StderrLine: {'line': b'      |            \x1b[01;35m\x1b[K^~~~~~~~~~~~~~~~~~~~~\x1b[m\x1b[K\n'}
[11.536659] (motion_specification_action) StderrLine: {'line': b'\x1b[01m\x1b[K/home/linux/Master-thesis/Project-Code/ros2_ws/src/freddy_single_arm_control/motion_specification_action/include/motion_specification_action/motion_specification_server.hpp:115:10:\x1b[m\x1b[K \x1b[01;35m\x1b[Kwarning: \x1b[m\x1b[K  \xe2\x80\x98\x1b[01m\x1b[Kbool motion_specification_action::MotionSpecificationActionServer::configuration_file_read\x1b[m\x1b[K\xe2\x80\x99 [\x1b[01;35m\x1b[K\x1b]8;;https://gcc.gnu.org/onlinedocs/gcc/Warning-Options.html#index-Wreorder\x07-Wreorder\x1b]8;;\x07\x1b[m\x1b[K]\n'}
[11.536742] (motion_specification_action) StderrLine: {'line': b'  115 |     bool \x1b[01;35m\x1b[Kconfiguration_file_read\x1b[m\x1b[K;\n'}
[11.538841] (motion_specification_action) StderrLine: {'line': b'      |          \x1b[01;35m\x1b[K^~~~~~~~~~~~~~~~~~~~~~~\x1b[m\x1b[K\n'}
[11.539012] (motion_specification_action) StderrLine: {'line': b'\x1b[01m\x1b[K/home/linux/Master-thesis/Project-Code/ros2_ws/src/freddy_single_arm_control/motion_specification_action/src/motion_specification_server.cpp:5:3:\x1b[m\x1b[K \x1b[01;35m\x1b[Kwarning: \x1b[m\x1b[K  when initialized here [\x1b[01;35m\x1b[K\x1b]8;;https://gcc.gnu.org/onlinedocs/gcc/Warning-Options.html#index-Wreorder\x07-Wreorder\x1b]8;;\x07\x1b[m\x1b[K]\n'}
[11.539126] (motion_specification_action) StderrLine: {'line': b'    5 |   \x1b[01;35m\x1b[KMotionSpecificationActionServer\x1b[m\x1b[K::MotionSpecificationActionServer(const rclcpp::NodeOptions &options)\n'}
[11.539230] (motion_specification_action) StderrLine: {'line': b'      |   \x1b[01;35m\x1b[K^~~~~~~~~~~~~~~~~~~~~~~~~~~~~~~\x1b[m\x1b[K\n'}
[11.539312] (motion_specification_action) StderrLine: {'line': b'\x1b[01m\x1b[K/home/linux/Master-thesis/Project-Code/ros2_ws/src/freddy_single_arm_control/motion_specification_action/include/motion_specification_action/motion_specification_server.hpp:115:10:\x1b[m\x1b[K \x1b[01;35m\x1b[Kwarning: \x1b[m\x1b[K\xe2\x80\x98\x1b[01m\x1b[Kmotion_specification_action::MotionSpecificationActionServer::configuration_file_read\x1b[m\x1b[K\xe2\x80\x99 will be initialized after [\x1b[01;35m\x1b[K\x1b]8;;https://gcc.gnu.org/onlinedocs/gcc/Warning-Options.html#index-Wreorder\x07-Wreorder\x1b]8;;\x07\x1b[m\x1b[K]\n'}
[11.539407] (motion_specification_action) StderrLine: {'line': b'  115 |     bool \x1b[01;35m\x1b[Kconfiguration_file_read\x1b[m\x1b[K;\n'}
[11.539485] (motion_specification_action) StderrLine: {'line': b'      |          \x1b[01;35m\x1b[K^~~~~~~~~~~~~~~~~~~~~~~\x1b[m\x1b[K\n'}
[11.539566] (motion_specification_action) StderrLine: {'line': b'\x1b[01m\x1b[K/home/linux/Master-thesis/Project-Code/ros2_ws/src/freddy_single_arm_control/motion_specification_action/include/motion_specification_action/motion_specification_server.hpp:113:23:\x1b[m\x1b[K \x1b[01;35m\x1b[Kwarning: \x1b[m\x1b[K  \xe2\x80\x98\x1b[01m\x1b[Kstd::atomic<bool> motion_specification_action::MotionSpecificationActionServer::motion_unsuccessful\x1b[m\x1b[K\xe2\x80\x99 [\x1b[01;35m\x1b[K\x1b]8;;https://gcc.gnu.org/onlinedocs/gcc/Warning-Options.html#index-Wreorder\x07-Wreorder\x1b]8;;\x07\x1b[m\x1b[K]\n'}
[11.539649] (motion_specification_action) StderrLine: {'line': b'  113 |     std::atomic<bool> \x1b[01;35m\x1b[Kmotion_unsuccessful\x1b[m\x1b[K;                // flag set when prevail_condition is not met\n'}
[11.539720] (motion_specification_action) StderrLine: {'line': b'      |                       \x1b[01;35m\x1b[K^~~~~~~~~~~~~~~~~~~\x1b[m\x1b[K\n'}
[11.539790] (motion_specification_action) StderrLine: {'line': b'\x1b[01m\x1b[K/home/linux/Master-thesis/Project-Code/ros2_ws/src/freddy_single_arm_control/motion_specification_action/src/motion_specification_server.cpp:5:3:\x1b[m\x1b[K \x1b[01;35m\x1b[Kwarning: \x1b[m\x1b[K  when initialized here [\x1b[01;35m\x1b[K\x1b]8;;https://gcc.gnu.org/onlinedocs/gcc/Warning-Options.html#index-Wreorder\x07-Wreorder\x1b]8;;\x07\x1b[m\x1b[K]\n'}
[11.539886] (motion_specification_action) StderrLine: {'line': b'    5 |   \x1b[01;35m\x1b[KMotionSpecificationActionServer\x1b[m\x1b[K::MotionSpecificationActionServer(const rclcpp::NodeOptions &options)\n'}
[11.539968] (motion_specification_action) StderrLine: {'line': b'      |   \x1b[01;35m\x1b[K^~~~~~~~~~~~~~~~~~~~~~~~~~~~~~~\x1b[m\x1b[K\n'}
[11.540038] (motion_specification_action) StderrLine: {'line': b'\x1b[01m\x1b[K/home/linux/Master-thesis/Project-Code/ros2_ws/src/freddy_single_arm_control/motion_specification_action/include/motion_specification_action/motion_specification_server.hpp:119:23:\x1b[m\x1b[K \x1b[01;35m\x1b[Kwarning: \x1b[m\x1b[K\xe2\x80\x98\x1b[01m\x1b[Kmotion_specification_action::MotionSpecificationActionServer::prevail_condition_satisfied\x1b[m\x1b[K\xe2\x80\x99 will be initialized after [\x1b[01;35m\x1b[K\x1b]8;;https://gcc.gnu.org/onlinedocs/gcc/Warning-Options.html#index-Wreorder\x07-Wreorder\x1b]8;;\x07\x1b[m\x1b[K]\n'}
[11.541498] (motion_specification_action) StderrLine: {'line': b'  119 |     std::atomic<bool> \x1b[01;35m\x1b[Kprevail_condition_satisfied\x1b[m\x1b[K;\n'}
[11.541628] (motion_specification_action) StderrLine: {'line': b'      |                       \x1b[01;35m\x1b[K^~~~~~~~~~~~~~~~~~~~~~~~~~~\x1b[m\x1b[K\n'}
[11.541712] (motion_specification_action) StderrLine: {'line': b'\x1b[01m\x1b[K/home/linux/Master-thesis/Project-Code/ros2_ws/src/freddy_single_arm_control/motion_specification_action/include/motion_specification_action/motion_specification_server.hpp:116:10:\x1b[m\x1b[K \x1b[01;35m\x1b[Kwarning: \x1b[m\x1b[K  \xe2\x80\x98\x1b[01m\x1b[Kbool motion_specification_action::MotionSpecificationActionServer::jnt_impedance_setpoint_is_set\x1b[m\x1b[K\xe2\x80\x99 [\x1b[01;35m\x1b[K\x1b]8;;https://gcc.gnu.org/onlinedocs/gcc/Warning-Options.html#index-Wreorder\x07-Wreorder\x1b]8;;\x07\x1b[m\x1b[K]\n'}
[11.541813] (motion_specification_action) StderrLine: {'line': b'  116 |     bool \x1b[01;35m\x1b[Kjnt_impedance_setpoint_is_set\x1b[m\x1b[K;\n'}
[11.541892] (motion_specification_action) StderrLine: {'line': b'      |          \x1b[01;35m\x1b[K^~~~~~~~~~~~~~~~~~~~~~~~~~~~~\x1b[m\x1b[K\n'}
[11.541967] (motion_specification_action) StderrLine: {'line': b'\x1b[01m\x1b[K/home/linux/Master-thesis/Project-Code/ros2_ws/src/freddy_single_arm_control/motion_specification_action/src/motion_specification_server.cpp:5:3:\x1b[m\x1b[K \x1b[01;35m\x1b[Kwarning: \x1b[m\x1b[K  when initialized here [\x1b[01;35m\x1b[K\x1b]8;;https://gcc.gnu.org/onlinedocs/gcc/Warning-Options.html#index-Wreorder\x07-Wreorder\x1b]8;;\x07\x1b[m\x1b[K]\n'}
[11.542051] (motion_specification_action) StderrLine: {'line': b'    5 |   \x1b[01;35m\x1b[KMotionSpecificationActionServer\x1b[m\x1b[K::MotionSpecificationActionServer(const rclcpp::NodeOptions &options)\n'}
[11.542144] (motion_specification_action) StderrLine: {'line': b'      |   \x1b[01;35m\x1b[K^~~~~~~~~~~~~~~~~~~~~~~~~~~~~~~\x1b[m\x1b[K\n'}
[11.542229] (motion_specification_action) StderrLine: {'line': b'\x1b[01m\x1b[K/home/linux/Master-thesis/Project-Code/ros2_ws/src/freddy_single_arm_control/motion_specification_action/include/motion_specification_action/motion_specification_server.hpp:284:25:\x1b[m\x1b[K \x1b[01;35m\x1b[Kwarning: \x1b[m\x1b[K\xe2\x80\x98\x1b[01m\x1b[Kmotion_specification_action::MotionSpecificationActionServer::rne_output_jnt_torques_vector_to_set_control_mode\x1b[m\x1b[K\xe2\x80\x99 will be initialized after [\x1b[01;35m\x1b[K\x1b]8;;https://gcc.gnu.org/onlinedocs/gcc/Warning-Options.html#index-Wreorder\x07-Wreorder\x1b]8;;\x07\x1b[m\x1b[K]\n'}
[11.542327] (motion_specification_action) StderrLine: {'line': b'  284 |     std::vector<double> \x1b[01;35m\x1b[Krne_output_jnt_torques_vector_to_set_control_mode\x1b[m\x1b[K;\n'}
[11.542410] (motion_specification_action) StderrLine: {'line': b'      |                         \x1b[01;35m\x1b[K^~~~~~~~~~~~~~~~~~~~~~~~~~~~~~~~~~~~~~~~~~~~~~~~~\x1b[m\x1b[K\n'}
[11.542491] (motion_specification_action) StderrLine: {'line': b'\x1b[01m\x1b[K/home/linux/Master-thesis/Project-Code/ros2_ws/src/freddy_single_arm_control/motion_specification_action/include/motion_specification_action/motion_specification_server.hpp:138:17:\x1b[m\x1b[K \x1b[01;35m\x1b[Kwarning: \x1b[m\x1b[K  \xe2\x80\x98\x1b[01m\x1b[Kstd::string motion_specification_action::MotionSpecificationActionServer::arm_name\x1b[m\x1b[K\xe2\x80\x99 [\x1b[01;35m\x1b[K\x1b]8;;https://gcc.gnu.org/onlinedocs/gcc/Warning-Options.html#index-Wreorder\x07-Wreorder\x1b]8;;\x07\x1b[m\x1b[K]\n'}
[11.542581] (motion_specification_action) StderrLine: {'line': b'  138 |     std::string \x1b[01;35m\x1b[Karm_name\x1b[m\x1b[K;\n'}
[11.542665] (motion_specification_action) StderrLine: {'line': b'      |                 \x1b[01;35m\x1b[K^~~~~~~~\x1b[m\x1b[K\n'}
[11.542745] (motion_specification_action) StderrLine: {'line': b'\x1b[01m\x1b[K/home/linux/Master-thesis/Project-Code/ros2_ws/src/freddy_single_arm_control/motion_specification_action/src/motion_specification_server.cpp:5:3:\x1b[m\x1b[K \x1b[01;35m\x1b[Kwarning: \x1b[m\x1b[K  when initialized here [\x1b[01;35m\x1b[K\x1b]8;;https://gcc.gnu.org/onlinedocs/gcc/Warning-Options.html#index-Wreorder\x07-Wreorder\x1b]8;;\x07\x1b[m\x1b[K]\n'}
[11.542829] (motion_specification_action) StderrLine: {'line': b'    5 |   \x1b[01;35m\x1b[KMotionSpecificationActionServer\x1b[m\x1b[K::MotionSpecificationActionServer(const rclcpp::NodeOptions &options)\n'}
[11.542908] (motion_specification_action) StderrLine: {'line': b'      |   \x1b[01;35m\x1b[K^~~~~~~~~~~~~~~~~~~~~~~~~~~~~~~\x1b[m\x1b[K\n'}
[11.542986] (motion_specification_action) StderrLine: {'line': b'\x1b[01m\x1b[K/home/linux/Master-thesis/Project-Code/ros2_ws/src/freddy_single_arm_control/motion_specification_action/include/motion_specification_action/motion_specification_server.hpp:140:17:\x1b[m\x1b[K \x1b[01;35m\x1b[Kwarning: \x1b[m\x1b[K\xe2\x80\x98\x1b[01m\x1b[Kmotion_specification_action::MotionSpecificationActionServer::frame_name\x1b[m\x1b[K\xe2\x80\x99 will be initialized after [\x1b[01;35m\x1b[K\x1b]8;;https://gcc.gnu.org/onlinedocs/gcc/Warning-Options.html#index-Wreorder\x07-Wreorder\x1b]8;;\x07\x1b[m\x1b[K]\n'}
[11.543088] (motion_specification_action) StderrLine: {'line': b'  140 |     std::string \x1b[01;35m\x1b[Kframe_name\x1b[m\x1b[K;\n'}
[11.543164] (motion_specification_action) StderrLine: {'line': b'      |                 \x1b[01;35m\x1b[K^~~~~~~~~~\x1b[m\x1b[K\n'}
[11.543239] (motion_specification_action) StderrLine: {'line': b'\x1b[01m\x1b[K/home/linux/Master-thesis/Project-Code/ros2_ws/src/freddy_single_arm_control/motion_specification_action/include/motion_specification_action/motion_specification_server.hpp:105:10:\x1b[m\x1b[K \x1b[01;35m\x1b[Kwarning: \x1b[m\x1b[K  \xe2\x80\x98\x1b[01m\x1b[Kbool motion_specification_action::MotionSpecificationActionServer::transform_available\x1b[m\x1b[K\xe2\x80\x99 [\x1b[01;35m\x1b[K\x1b]8;;https://gcc.gnu.org/onlinedocs/gcc/Warning-Options.html#index-Wreorder\x07-Wreorder\x1b]8;;\x07\x1b[m\x1b[K]\n'}
[11.543318] (motion_specification_action) StderrLine: {'line': b'  105 |     bool \x1b[01;35m\x1b[Ktransform_available\x1b[m\x1b[K;\n'}
[11.543396] (motion_specification_action) StderrLine: {'line': b'      |          \x1b[01;35m\x1b[K^~~~~~~~~~~~~~~~~~~\x1b[m\x1b[K\n'}
[11.543471] (motion_specification_action) StderrLine: {'line': b'\x1b[01m\x1b[K/home/linux/Master-thesis/Project-Code/ros2_ws/src/freddy_single_arm_control/motion_specification_action/src/motion_specification_server.cpp:5:3:\x1b[m\x1b[K \x1b[01;35m\x1b[Kwarning: \x1b[m\x1b[K  when initialized here [\x1b[01;35m\x1b[K\x1b]8;;https://gcc.gnu.org/onlinedocs/gcc/Warning-Options.html#index-Wreorder\x07-Wreorder\x1b]8;;\x07\x1b[m\x1b[K]\n'}
[11.543547] (motion_specification_action) StderrLine: {'line': b'    5 |   \x1b[01;35m\x1b[KMotionSpecificationActionServer\x1b[m\x1b[K::MotionSpecificationActionServer(const rclcpp::NodeOptions &options)\n'}
[11.543626] (motion_specification_action) StderrLine: {'line': b'      |   \x1b[01;35m\x1b[K^~~~~~~~~~~~~~~~~~~~~~~~~~~~~~~\x1b[m\x1b[K\n'}
[11.546298] (motion_specification_action) StderrLine: {'line': b'\x1b[01m\x1b[K/home/linux/Master-thesis/Project-Code/ros2_ws/src/freddy_single_arm_control/motion_specification_action/include/motion_specification_action/motion_specification_server.hpp:105:10:\x1b[m\x1b[K \x1b[01;35m\x1b[Kwarning: \x1b[m\x1b[K\xe2\x80\x98\x1b[01m\x1b[Kmotion_specification_action::MotionSpecificationActionServer::transform_available\x1b[m\x1b[K\xe2\x80\x99 will be initialized after [\x1b[01;35m\x1b[K\x1b]8;;https://gcc.gnu.org/onlinedocs/gcc/Warning-Options.html#index-Wreorder\x07-Wreorder\x1b]8;;\x07\x1b[m\x1b[K]\n'}
[11.546457] (motion_specification_action) StderrLine: {'line': b'  105 |     bool \x1b[01;35m\x1b[Ktransform_available\x1b[m\x1b[K;\n'}
[11.546553] (motion_specification_action) StderrLine: {'line': b'      |          \x1b[01;35m\x1b[K^~~~~~~~~~~~~~~~~~~\x1b[m\x1b[K\n'}
[11.546636] (motion_specification_action) StderrLine: {'line': b'\x1b[01m\x1b[K/home/linux/Master-thesis/Project-Code/ros2_ws/src/freddy_single_arm_control/motion_specification_action/include/motion_specification_action/motion_specification_server.hpp:104:35:\x1b[m\x1b[K \x1b[01;35m\x1b[Kwarning: \x1b[m\x1b[K  \xe2\x80\x98\x1b[01m\x1b[Kstd::chrono::duration<double> motion_specification_action::MotionSpecificationActionServer::transform_timeout_duration\x1b[m\x1b[K\xe2\x80\x99 [\x1b[01;35m\x1b[K\x1b]8;;https://gcc.gnu.org/onlinedocs/gcc/Warning-Options.html#index-Wreorder\x07-Wreorder\x1b]8;;\x07\x1b[m\x1b[K]\n'}
[11.546731] (motion_specification_action) StderrLine: {'line': b'  104 |     std::chrono::duration<double> \x1b[01;35m\x1b[Ktransform_timeout_duration\x1b[m\x1b[K;\n'}
[11.546811] (motion_specification_action) StderrLine: {'line': b'      |                                   \x1b[01;35m\x1b[K^~~~~~~~~~~~~~~~~~~~~~~~~~\x1b[m\x1b[K\n'}
[11.546886] (motion_specification_action) StderrLine: {'line': b'\x1b[01m\x1b[K/home/linux/Master-thesis/Project-Code/ros2_ws/src/freddy_single_arm_control/motion_specification_action/src/motion_specification_server.cpp:5:3:\x1b[m\x1b[K \x1b[01;35m\x1b[Kwarning: \x1b[m\x1b[K  when initialized here [\x1b[01;35m\x1b[K\x1b]8;;https://gcc.gnu.org/onlinedocs/gcc/Warning-Options.html#index-Wreorder\x07-Wreorder\x1b]8;;\x07\x1b[m\x1b[K]\n'}
[11.546970] (motion_specification_action) StderrLine: {'line': b'    5 |   \x1b[01;35m\x1b[KMotionSpecificationActionServer\x1b[m\x1b[K::MotionSpecificationActionServer(const rclcpp::NodeOptions &options)\n'}
[11.547049] (motion_specification_action) StderrLine: {'line': b'      |   \x1b[01;35m\x1b[K^~~~~~~~~~~~~~~~~~~~~~~~~~~~~~~\x1b[m\x1b[K\n'}
[11.547138] (motion_specification_action) StderrLine: {'line': b'\x1b[01m\x1b[K/home/linux/Master-thesis/Project-Code/ros2_ws/src/freddy_single_arm_control/motion_specification_action/src/motion_specification_server.cpp:\x1b[m\x1b[K In lambda function:\n'}
[11.547217] (motion_specification_action) StderrLine: {'line': b'\x1b[01m\x1b[K/home/linux/Master-thesis/Project-Code/ros2_ws/src/freddy_single_arm_control/motion_specification_action/src/motion_specification_server.cpp:113:77:\x1b[m\x1b[K \x1b[01;35m\x1b[Kwarning: \x1b[m\x1b[Kunused parameter \xe2\x80\x98\x1b[01m\x1b[Kgoal\x1b[m\x1b[K\xe2\x80\x99 [\x1b[01;35m\x1b[K\x1b]8;;https://gcc.gnu.org/onlinedocs/gcc/Warning-Options.html#index-Wunused-parameter\x07-Wunused-parameter\x1b]8;;\x07\x1b[m\x1b[K]\n'}
[11.547303] (motion_specification_action) StderrLine: {'line': b'  113 |                            \x1b[01;35m\x1b[Kstd::shared_ptr<const MotionSpecification::Goal> goal\x1b[m\x1b[K)\n'}
[11.547383] (motion_specification_action) StderrLine: {'line': b'      |                            \x1b[01;35m\x1b[K~~~~~~~~~~~~~~~~~~~~~~~~~~~~~~~~~~~~~~~~~~~~~~~~~^~~~\x1b[m\x1b[K\n'}
[11.569133] (motion_specification_action) StderrLine: {'line': b'\x1b[01m\x1b[K/home/linux/Master-thesis/Project-Code/ros2_ws/src/freddy_single_arm_control/motion_specification_action/src/motion_specification_server.cpp:\x1b[m\x1b[K In member function \xe2\x80\x98\x1b[01m\x1b[Kvoid motion_specification_action::MotionSpecificationActionServer::\x1b[01;32m\x1b[Kpublish_joint_states\x1b[m\x1b[K(KDL::JntArray&)\x1b[m\x1b[K\xe2\x80\x99:\n'}
[11.569413] (motion_specification_action) StderrLine: {'line': b'\x1b[01m\x1b[K/home/linux/Master-thesis/Project-Code/ros2_ws/src/freddy_single_arm_control/motion_specification_action/src/motion_specification_server.cpp:225:12:\x1b[m\x1b[K \x1b[01;35m\x1b[Kwarning: \x1b[m\x1b[Kunused variable \xe2\x80\x98\x1b[01m\x1b[Ktime_now\x1b[m\x1b[K\xe2\x80\x99 [\x1b[01;35m\x1b[K\x1b]8;;https://gcc.gnu.org/onlinedocs/gcc/Warning-Options.html#index-Wunused-variable\x07-Wunused-variable\x1b]8;;\x07\x1b[m\x1b[K]\n'}
[11.569523] (motion_specification_action) StderrLine: {'line': b'  225 |     double \x1b[01;35m\x1b[Ktime_now\x1b[m\x1b[K = this->now().seconds();\n'}
[11.569612] (motion_specification_action) StderrLine: {'line': b'      |            \x1b[01;35m\x1b[K^~~~~~~~\x1b[m\x1b[K\n'}
[11.634319] (-) TimerEvent: {}
[11.668446] (motion_specification_action) StderrLine: {'line': b'\x1b[01m\x1b[K/home/linux/Master-thesis/Project-Code/ros2_ws/src/freddy_single_arm_control/motion_specification_action/src/motion_specification_server.cpp:\x1b[m\x1b[K In member function \xe2\x80\x98\x1b[01m\x1b[Kvoid motion_specification_action::MotionSpecificationActionServer::\x1b[01;32m\x1b[Kexecute\x1b[m\x1b[K(std::shared_ptr<rclcpp_action::ServerGoalHandle<motion_specification_interfaces::action::MotionSpecification> >)\x1b[m\x1b[K\xe2\x80\x99:\n'}
[11.668640] (motion_specification_action) StderrLine: {'line': b'\x1b[01m\x1b[K/home/linux/Master-thesis/Project-Code/ros2_ws/src/freddy_single_arm_control/motion_specification_action/src/motion_specification_server.cpp:1834:28:\x1b[m\x1b[K \x1b[01;35m\x1b[Kwarning: \x1b[m\x1b[Knarrowing conversion of \xe2\x80\x98\x1b[01m\x1b[K((motion_specification_action::MotionSpecificationActionServer*)this)->motion_specification_action::MotionSpecificationActionServer::measured_lin_pos_x_axis_data\x1b[m\x1b[K\xe2\x80\x99 from \xe2\x80\x98\x1b[01m\x1b[Kdouble\x1b[m\x1b[K\xe2\x80\x99 to \xe2\x80\x98\x1b[01m\x1b[Kfloat\x1b[m\x1b[K\xe2\x80\x99 [\x1b[01;35m\x1b[K\x1b]8;;https://gcc.gnu.org/onlinedocs/gcc/Warning-Options.html#index-Wnarrowing\x07-Wnarrowing\x1b]8;;\x07\x1b[m\x1b[K]\n'}
[11.668708] (motion_specification_action) StderrLine: {'line': b' 1834 |       tcp_wrt_FrameName = {\x1b[01;35m\x1b[Kmeasured_lin_pos_x_axis_data\x1b[m\x1b[K, measured_lin_pos_y_axis_data, measured_lin_pos_z_axis_data};\n'}
[11.668753] (motion_specification_action) StderrLine: {'line': b'      |                            \x1b[01;35m\x1b[K^~~~~~~~~~~~~~~~~~~~~~~~~~~~\x1b[m\x1b[K\n'}
[11.668794] (motion_specification_action) StderrLine: {'line': b'\x1b[01m\x1b[K/home/linux/Master-thesis/Project-Code/ros2_ws/src/freddy_single_arm_control/motion_specification_action/src/motion_specification_server.cpp:1834:28:\x1b[m\x1b[K \x1b[01;35m\x1b[Kwarning: \x1b[m\x1b[Knarrowing conversion of \xe2\x80\x98\x1b[01m\x1b[K((motion_specification_action::MotionSpecificationActionServer*)this)->motion_specification_action::MotionSpecificationActionServer::measured_lin_pos_x_axis_data\x1b[m\x1b[K\xe2\x80\x99 from \xe2\x80\x98\x1b[01m\x1b[Kdouble\x1b[m\x1b[K\xe2\x80\x99 to \xe2\x80\x98\x1b[01m\x1b[Kfloat\x1b[m\x1b[K\xe2\x80\x99 [\x1b[01;35m\x1b[K\x1b]8;;https://gcc.gnu.org/onlinedocs/gcc/Warning-Options.html#index-Wnarrowing\x07-Wnarrowing\x1b]8;;\x07\x1b[m\x1b[K]\n'}
[11.668846] (motion_specification_action) StderrLine: {'line': b'\x1b[01m\x1b[K/home/linux/Master-thesis/Project-Code/ros2_ws/src/freddy_single_arm_control/motion_specification_action/src/motion_specification_server.cpp:1834:58:\x1b[m\x1b[K \x1b[01;35m\x1b[Kwarning: \x1b[m\x1b[Knarrowing conversion of \xe2\x80\x98\x1b[01m\x1b[K((motion_specification_action::MotionSpecificationActionServer*)this)->motion_specification_action::MotionSpecificationActionServer::measured_lin_pos_y_axis_data\x1b[m\x1b[K\xe2\x80\x99 from \xe2\x80\x98\x1b[01m\x1b[Kdouble\x1b[m\x1b[K\xe2\x80\x99 to \xe2\x80\x98\x1b[01m\x1b[Kfloat\x1b[m\x1b[K\xe2\x80\x99 [\x1b[01;35m\x1b[K\x1b]8;;https://gcc.gnu.org/onlinedocs/gcc/Warning-Options.html#index-Wnarrowing\x07-Wnarrowing\x1b]8;;\x07\x1b[m\x1b[K]\n'}
[11.668888] (motion_specification_action) StderrLine: {'line': b' 1834 |       tcp_wrt_FrameName = {measured_lin_pos_x_axis_data, \x1b[01;35m\x1b[Kmeasured_lin_pos_y_axis_data\x1b[m\x1b[K, measured_lin_pos_z_axis_data};\n'}
[11.668929] (motion_specification_action) StderrLine: {'line': b'      |                                                          \x1b[01;35m\x1b[K^~~~~~~~~~~~~~~~~~~~~~~~~~~~\x1b[m\x1b[K\n'}
[11.668968] (motion_specification_action) StderrLine: {'line': b'\x1b[01m\x1b[K/home/linux/Master-thesis/Project-Code/ros2_ws/src/freddy_single_arm_control/motion_specification_action/src/motion_specification_server.cpp:1834:58:\x1b[m\x1b[K \x1b[01;35m\x1b[Kwarning: \x1b[m\x1b[Knarrowing conversion of \xe2\x80\x98\x1b[01m\x1b[K((motion_specification_action::MotionSpecificationActionServer*)this)->motion_specification_action::MotionSpecificationActionServer::measured_lin_pos_y_axis_data\x1b[m\x1b[K\xe2\x80\x99 from \xe2\x80\x98\x1b[01m\x1b[Kdouble\x1b[m\x1b[K\xe2\x80\x99 to \xe2\x80\x98\x1b[01m\x1b[Kfloat\x1b[m\x1b[K\xe2\x80\x99 [\x1b[01;35m\x1b[K\x1b]8;;https://gcc.gnu.org/onlinedocs/gcc/Warning-Options.html#index-Wnarrowing\x07-Wnarrowing\x1b]8;;\x07\x1b[m\x1b[K]\n'}
[11.669011] (motion_specification_action) StderrLine: {'line': b'\x1b[01m\x1b[K/home/linux/Master-thesis/Project-Code/ros2_ws/src/freddy_single_arm_control/motion_specification_action/src/motion_specification_server.cpp:1834:88:\x1b[m\x1b[K \x1b[01;35m\x1b[Kwarning: \x1b[m\x1b[Knarrowing conversion of \xe2\x80\x98\x1b[01m\x1b[K((motion_specification_action::MotionSpecificationActionServer*)this)->motion_specification_action::MotionSpecificationActionServer::measured_lin_pos_z_axis_data\x1b[m\x1b[K\xe2\x80\x99 from \xe2\x80\x98\x1b[01m\x1b[Kdouble\x1b[m\x1b[K\xe2\x80\x99 to \xe2\x80\x98\x1b[01m\x1b[Kfloat\x1b[m\x1b[K\xe2\x80\x99 [\x1b[01;35m\x1b[K\x1b]8;;https://gcc.gnu.org/onlinedocs/gcc/Warning-Options.html#index-Wnarrowing\x07-Wnarrowing\x1b]8;;\x07\x1b[m\x1b[K]\n'}
[11.669055] (motion_specification_action) StderrLine: {'line': b' 1834 |       tcp_wrt_FrameName = {measured_lin_pos_x_axis_data, measured_lin_pos_y_axis_data, \x1b[01;35m\x1b[Kmeasured_lin_pos_z_axis_data\x1b[m\x1b[K};\n'}
[11.669104] (motion_specification_action) StderrLine: {'line': b'      |                                                                                        \x1b[01;35m\x1b[K^~~~~~~~~~~~~~~~~~~~~~~~~~~~\x1b[m\x1b[K\n'}
[11.669142] (motion_specification_action) StderrLine: {'line': b'\x1b[01m\x1b[K/home/linux/Master-thesis/Project-Code/ros2_ws/src/freddy_single_arm_control/motion_specification_action/src/motion_specification_server.cpp:1834:88:\x1b[m\x1b[K \x1b[01;35m\x1b[Kwarning: \x1b[m\x1b[Knarrowing conversion of \xe2\x80\x98\x1b[01m\x1b[K((motion_specification_action::MotionSpecificationActionServer*)this)->motion_specification_action::MotionSpecificationActionServer::measured_lin_pos_z_axis_data\x1b[m\x1b[K\xe2\x80\x99 from \xe2\x80\x98\x1b[01m\x1b[Kdouble\x1b[m\x1b[K\xe2\x80\x99 to \xe2\x80\x98\x1b[01m\x1b[Kfloat\x1b[m\x1b[K\xe2\x80\x99 [\x1b[01;35m\x1b[K\x1b]8;;https://gcc.gnu.org/onlinedocs/gcc/Warning-Options.html#index-Wnarrowing\x07-Wnarrowing\x1b]8;;\x07\x1b[m\x1b[K]\n'}
[11.734429] (-) TimerEvent: {}
[11.834738] (-) TimerEvent: {}
[11.935080] (-) TimerEvent: {}
[12.035315] (-) TimerEvent: {}
[12.135580] (-) TimerEvent: {}
[12.235854] (-) TimerEvent: {}
[12.336193] (-) TimerEvent: {}
[12.436537] (-) TimerEvent: {}
[12.536880] (-) TimerEvent: {}
[12.637117] (-) TimerEvent: {}
[12.737376] (-) TimerEvent: {}
[12.837668] (-) TimerEvent: {}
[12.938001] (-) TimerEvent: {}
[13.038386] (-) TimerEvent: {}
[13.138695] (-) TimerEvent: {}
[13.239096] (-) TimerEvent: {}
[13.339370] (-) TimerEvent: {}
[13.439675] (-) TimerEvent: {}
[13.540014] (-) TimerEvent: {}
[13.640414] (-) TimerEvent: {}
[13.740814] (-) TimerEvent: {}
[13.841189] (-) TimerEvent: {}
[13.941597] (-) TimerEvent: {}
[14.041927] (-) TimerEvent: {}
[14.142189] (-) TimerEvent: {}
[14.242484] (-) TimerEvent: {}
[14.342789] (-) TimerEvent: {}
[14.443199] (-) TimerEvent: {}
[14.543454] (-) TimerEvent: {}
[14.643823] (-) TimerEvent: {}
[14.744202] (-) TimerEvent: {}
[14.844578] (-) TimerEvent: {}
[14.944951] (-) TimerEvent: {}
[15.045218] (-) TimerEvent: {}
[15.145524] (-) TimerEvent: {}
[15.245792] (-) TimerEvent: {}
[15.346070] (-) TimerEvent: {}
[15.446389] (-) TimerEvent: {}
[15.546759] (-) TimerEvent: {}
[15.647129] (-) TimerEvent: {}
[15.747439] (-) TimerEvent: {}
[15.847748] (-) TimerEvent: {}
[15.948119] (-) TimerEvent: {}
[16.048489] (-) TimerEvent: {}
[16.148824] (-) TimerEvent: {}
[16.249088] (-) TimerEvent: {}
[16.349378] (-) TimerEvent: {}
[16.449643] (-) TimerEvent: {}
[16.549915] (-) TimerEvent: {}
[16.555811] (motion_specification_action) StdoutLine: {'line': b'[100%] \x1b[32m\x1b[1mLinking CXX shared library libaction_server.so\x1b[0m\n'}
[16.650016] (-) TimerEvent: {}
[16.750298] (-) TimerEvent: {}
[16.850571] (-) TimerEvent: {}
[16.950804] (-) TimerEvent: {}
[17.007754] (motion_specification_action) StdoutLine: {'line': b'[100%] Built target action_server\n'}
[17.015157] (motion_specification_action) CommandEnded: {'returncode': 0}
[17.015704] (motion_specification_action) JobProgress: {'identifier': 'motion_specification_action', 'progress': 'install'}
[17.015902] (motion_specification_action) Command: {'cmd': ['/usr/bin/cmake', '--install', '/home/linux/Master-thesis/Project-Code/ros2_ws/src/freddy_single_arm_control/build/motion_specification_action'], 'cwd': '/home/linux/Master-thesis/Project-Code/ros2_ws/src/freddy_single_arm_control/build/motion_specification_action', 'env': OrderedDict({'GJS_DEBUG_TOPICS': 'JS ERROR;JS LOG', 'XDG_ACTIVATION_TOKEN': 'gnome-shell/Terminator/2362-1-linux-Aspire-A515-57_TIME851154', 'LESSOPEN': '| /usr/bin/lesspipe %s', 'USER': 'linux', 'LC_TIME': 'de_DE.UTF-8', 'XDG_SESSION_TYPE': 'wayland', 'CLUTTER_DISABLE_MIPMAPPED_TEXT': '1', 'SHLVL': '1', 'LD_LIBRARY_PATH': '/home/linux/Master-thesis/Project-Code/ros2_ws/src/freddy_single_arm_control/install/motion_specification_interfaces/lib:/home/linux/Master-thesis/Project-Code/ros2_ws/install/motion_specification_action/lib:/home/linux/Master-thesis/Project-Code/ros2_ws/install/motion_specification_interfaces/lib:/home/linux/Master-thesis/Project-Code/ros2_ws/install/kinova_mediator/lib:/opt/ros/jazzy/opt/rviz_ogre_vendor/lib:/opt/ros/jazzy/lib/x86_64-linux-gnu:/opt/ros/jazzy/opt/gz_math_vendor/lib:/opt/ros/jazzy/opt/gz_utils_vendor/lib:/opt/ros/jazzy/opt/gz_cmake_vendor/lib:/opt/ros/jazzy/lib', 'HOME': '/home/linux', 'OLDPWD': '/home/linux/Master-thesis/Project-Code/ros2_ws', 'DESKTOP_SESSION': 'ubuntu', 'GIO_LAUNCHED_DESKTOP_FILE': '/usr/share/applications/terminator.desktop', 'ROS_PYTHON_VERSION': '3', 'GNOME_SHELL_SESSION_MODE': 'ubuntu', 'GTK_MODULES': 'gail:atk-bridge', 'LC_MONETARY': 'de_DE.UTF-8', 'MANAGERPID': '2060', 'SYSTEMD_EXEC_PID': '2362', 'GSM_SKIP_SSH_AGENT_WORKAROUND': 'true', 'DBUS_SESSION_BUS_ADDRESS': 'unix:path=/run/user/1000/bus', 'COLORTERM': 'truecolor', 'TERMINATOR_DBUS_NAME': 'net.tenshu.Terminator25ef4b219e3b005583550f2b0f9f990c3', 'GIO_LAUNCHED_DESKTOP_FILE_PID': '5441', 'DEBUGINFOD_URLS': 'https://debuginfod.ubuntu.com', 'IM_CONFIG_PHASE': '1', 'WAYLAND_DISPLAY': 'wayland-0', 'COLCON_PREFIX_PATH': '/home/linux/Master-thesis/Project-Code/ros2_ws/install', 'ROS_DISTRO': 'jazzy', 'LOGNAME': 'linux', 'JOURNAL_STREAM': '8:21917', '_': '/usr/bin/colcon', 'ROS_VERSION': '2', 'MEMORY_PRESSURE_WATCH': '/sys/fs/cgroup/user.slice/user-1000.slice/user@1000.service/session.slice/org.gnome.Shell@wayland.service/memory.pressure', 'XDG_SESSION_CLASS': 'user', 'USERNAME': 'linux', 'TERM': 'xterm-256color', 'GNOME_DESKTOP_SESSION_ID': 'this-is-deprecated', 'PATH': '/opt/ros/jazzy/bin:/home/linux/.local/bin:/usr/local/sbin:/usr/local/bin:/usr/sbin:/usr/bin:/sbin:/bin:/usr/games:/usr/local/games:/snap/bin:/snap/bin', 'SESSION_MANAGER': 'local/linux-Aspire-A515-57:@/tmp/.ICE-unix/2311,unix/linux-Aspire-A515-57:/tmp/.ICE-unix/2311', 'INVOCATION_ID': '570a647d19bf4e0da38b9d9818503d08', 'XDG_MENU_PREFIX': 'gnome-', 'LC_ADDRESS': 'de_DE.UTF-8', 'GNOME_SETUP_DISPLAY': ':1', 'XDG_RUNTIME_DIR': '/run/user/1000', 'DISPLAY': ':0', 'TERMINATOR_DBUS_PATH': '/net/tenshu/Terminator2', 'LANG': 'en_US.UTF-8', 'XDG_CURRENT_DESKTOP': 'ubuntu:GNOME', 'LC_TELEPHONE': 'de_DE.UTF-8', 'XMODIFIERS': '@im=ibus', 'XDG_SESSION_DESKTOP': 'ubuntu', 'XAUTHORITY': '/run/user/1000/.mutter-Xwaylandauth.FW1352', 'LS_COLORS': 'rs=0:di=01;34:ln=01;36:mh=00:pi=40;33:so=01;35:do=01;35:bd=40;33;01:cd=40;33;01:or=40;31;01:mi=00:su=37;41:sg=30;43:ca=00:tw=30;42:ow=34;42:st=37;44:ex=01;32:*.tar=01;31:*.tgz=01;31:*.arc=01;31:*.arj=01;31:*.taz=01;31:*.lha=01;31:*.lz4=01;31:*.lzh=01;31:*.lzma=01;31:*.tlz=01;31:*.txz=01;31:*.tzo=01;31:*.t7z=01;31:*.zip=01;31:*.z=01;31:*.dz=01;31:*.gz=01;31:*.lrz=01;31:*.lz=01;31:*.lzo=01;31:*.xz=01;31:*.zst=01;31:*.tzst=01;31:*.bz2=01;31:*.bz=01;31:*.tbz=01;31:*.tbz2=01;31:*.tz=01;31:*.deb=01;31:*.rpm=01;31:*.jar=01;31:*.war=01;31:*.ear=01;31:*.sar=01;31:*.rar=01;31:*.alz=01;31:*.ace=01;31:*.zoo=01;31:*.cpio=01;31:*.7z=01;31:*.rz=01;31:*.cab=01;31:*.wim=01;31:*.swm=01;31:*.dwm=01;31:*.esd=01;31:*.avif=01;35:*.jpg=01;35:*.jpeg=01;35:*.mjpg=01;35:*.mjpeg=01;35:*.gif=01;35:*.bmp=01;35:*.pbm=01;35:*.pgm=01;35:*.ppm=01;35:*.tga=01;35:*.xbm=01;35:*.xpm=01;35:*.tif=01;35:*.tiff=01;35:*.png=01;35:*.svg=01;35:*.svgz=01;35:*.mng=01;35:*.pcx=01;35:*.mov=01;35:*.mpg=01;35:*.mpeg=01;35:*.m2v=01;35:*.mkv=01;35:*.webm=01;35:*.webp=01;35:*.ogm=01;35:*.mp4=01;35:*.m4v=01;35:*.mp4v=01;35:*.vob=01;35:*.qt=01;35:*.nuv=01;35:*.wmv=01;35:*.asf=01;35:*.rm=01;35:*.rmvb=01;35:*.flc=01;35:*.avi=01;35:*.fli=01;35:*.flv=01;35:*.gl=01;35:*.dl=01;35:*.xcf=01;35:*.xwd=01;35:*.yuv=01;35:*.cgm=01;35:*.emf=01;35:*.ogv=01;35:*.ogx=01;35:*.aac=00;36:*.au=00;36:*.flac=00;36:*.m4a=00;36:*.mid=00;36:*.midi=00;36:*.mka=00;36:*.mp3=00;36:*.mpc=00;36:*.ogg=00;36:*.ra=00;36:*.wav=00;36:*.oga=00;36:*.opus=00;36:*.spx=00;36:*.xspf=00;36:*~=00;90:*#=00;90:*.bak=00;90:*.crdownload=00;90:*.dpkg-dist=00;90:*.dpkg-new=00;90:*.dpkg-old=00;90:*.dpkg-tmp=00;90:*.old=00;90:*.orig=00;90:*.part=00;90:*.rej=00;90:*.rpmnew=00;90:*.rpmorig=00;90:*.rpmsave=00;90:*.swp=00;90:*.tmp=00;90:*.ucf-dist=00;90:*.ucf-new=00;90:*.ucf-old=00;90:', 'SSH_AUTH_SOCK': '/run/user/1000/keyring/ssh', 'ROS_DOMAIN_ID': '5', 'AMENT_PREFIX_PATH': '/home/linux/Master-thesis/Project-Code/ros2_ws/src/freddy_single_arm_control/install/motion_specification_interfaces:/home/linux/Master-thesis/Project-Code/ros2_ws/install/robot_controller2:/home/linux/Master-thesis/Project-Code/ros2_ws/install/motion_specification_action:/home/linux/Master-thesis/Project-Code/ros2_ws/install/motion_specification_interfaces:/home/linux/Master-thesis/Project-Code/ros2_ws/install/kinova_mediator:/opt/ros/jazzy', 'SHELL': '/bin/bash', 'LC_NAME': 'de_DE.UTF-8', 'TERMINATOR_UUID': 'urn:uuid:b7dbeffb-680b-438d-8ca6-8c0184019e6a', 'QT_ACCESSIBILITY': '1', 'GDMSESSION': 'ubuntu', 'LESSCLOSE': '/usr/bin/lesspipe %s %s', 'LC_MEASUREMENT': 'de_DE.UTF-8', 'GJS_DEBUG_OUTPUT': 'stderr', 'LC_IDENTIFICATION': 'de_DE.UTF-8', 'ROS_AUTOMATIC_DISCOVERY_RANGE': 'SUBNET', 'QT_IM_MODULE': 'ibus', 'PWD': '/home/linux/Master-thesis/Project-Code/ros2_ws/src/freddy_single_arm_control/build/motion_specification_action', 'LC_ALL': 'en_US.UTF-8', 'XDG_CONFIG_DIRS': '/etc/xdg/xdg-ubuntu:/etc/xdg', 'XDG_DATA_DIRS': '/usr/share/ubuntu:/usr/share/gnome:/usr/local/share/:/usr/share/:/var/lib/snapd/desktop', 'PYTHONPATH': '/home/linux/Master-thesis/Project-Code/ros2_ws/src/freddy_single_arm_control/install/motion_specification_interfaces/lib/python3.12/site-packages:/home/linux/Master-thesis/Project-Code/ros2_ws/install/robot_controller2/lib/python3.12/site-packages:/home/linux/Master-thesis/Project-Code/ros2_ws/install/motion_specification_interfaces/lib/python3.12/site-packages:/opt/ros/jazzy/lib/python3.12/site-packages', 'LC_NUMERIC': 'de_DE.UTF-8', 'LC_PAPER': 'de_DE.UTF-8', 'COLCON': '1', 'MEMORY_PRESSURE_WRITE': 'c29tZSAyMDAwMDAgMjAwMDAwMAA=', 'VTE_VERSION': '7600', 'CMAKE_PREFIX_PATH': '/home/linux/Master-thesis/Project-Code/ros2_ws/src/freddy_single_arm_control/install/motion_specification_interfaces:/home/linux/Master-thesis/Project-Code/ros2_ws/install/motion_specification_action:/home/linux/Master-thesis/Project-Code/ros2_ws/install/motion_specification_interfaces:/home/linux/Master-thesis/Project-Code/ros2_ws/install/kinova_mediator:/opt/ros/jazzy/opt/gz_math_vendor:/opt/ros/jazzy/opt/gz_utils_vendor:/opt/ros/jazzy/opt/gz_cmake_vendor:/home/linux/Master-thesis/Project-Code/ros2_ws/install/robot_controller2:/opt/ros/jazzy'}), 'shell': False}
[17.021806] (motion_specification_action) StdoutLine: {'line': b'-- Install configuration: ""\n'}
[17.022122] (motion_specification_action) StdoutLine: {'line': b'-- Installing: /home/linux/Master-thesis/Project-Code/ros2_ws/src/freddy_single_arm_control/install/motion_specification_action/lib/motion_specification_action/motion_specification_action_client\n'}
[17.022418] (motion_specification_action) StdoutLine: {'line': b'-- Set non-toolchain portion of runtime path of "/home/linux/Master-thesis/Project-Code/ros2_ws/src/freddy_single_arm_control/install/motion_specification_action/lib/motion_specification_action/motion_specification_action_client" to ""\n'}
[17.022487] (motion_specification_action) StdoutLine: {'line': b'-- Installing: /home/linux/Master-thesis/Project-Code/ros2_ws/src/freddy_single_arm_control/install/motion_specification_action/lib/libaction_client.so\n'}
[17.023344] (motion_specification_action) StdoutLine: {'line': b'-- Set non-toolchain portion of runtime path of "/home/linux/Master-thesis/Project-Code/ros2_ws/src/freddy_single_arm_control/install/motion_specification_action/lib/libaction_client.so" to ""\n'}
[17.023437] (motion_specification_action) StdoutLine: {'line': b'-- Installing: /home/linux/Master-thesis/Project-Code/ros2_ws/src/freddy_single_arm_control/install/motion_specification_action/lib/motion_specification_action/motion_specification_action_server\n'}
[17.023647] (motion_specification_action) StdoutLine: {'line': b'-- Set non-toolchain portion of runtime path of "/home/linux/Master-thesis/Project-Code/ros2_ws/src/freddy_single_arm_control/install/motion_specification_action/lib/motion_specification_action/motion_specification_action_server" to ""\n'}
[17.023747] (motion_specification_action) StdoutLine: {'line': b'-- Installing: /home/linux/Master-thesis/Project-Code/ros2_ws/src/freddy_single_arm_control/install/motion_specification_action/lib/libaction_server.so\n'}
[17.026358] (motion_specification_action) StdoutLine: {'line': b'-- Set non-toolchain portion of runtime path of "/home/linux/Master-thesis/Project-Code/ros2_ws/src/freddy_single_arm_control/install/motion_specification_action/lib/libaction_server.so" to ""\n'}
[17.026539] (motion_specification_action) StdoutLine: {'line': b'-- Installing: /home/linux/Master-thesis/Project-Code/ros2_ws/src/freddy_single_arm_control/install/motion_specification_action/share/motion_specification_action/config\n'}
[17.026637] (motion_specification_action) StdoutLine: {'line': b'-- Installing: /home/linux/Master-thesis/Project-Code/ros2_ws/src/freddy_single_arm_control/install/motion_specification_action/share/motion_specification_action/config/ms_config.yaml\n'}
[17.026738] (motion_specification_action) StdoutLine: {'line': b'-- Installing: /home/linux/Master-thesis/Project-Code/ros2_ws/src/freddy_single_arm_control/install/motion_specification_action/share/motion_specification_action/urdf\n'}
[17.026856] (motion_specification_action) StdoutLine: {'line': b'-- Installing: /home/linux/Master-thesis/Project-Code/ros2_ws/src/freddy_single_arm_control/install/motion_specification_action/share/motion_specification_action/urdf/Kinova_1.urdf\n'}
[17.026976] (motion_specification_action) StdoutLine: {'line': b'-- Installing: /home/linux/Master-thesis/Project-Code/ros2_ws/src/freddy_single_arm_control/install/motion_specification_action/share/ament_index/resource_index/package_run_dependencies/motion_specification_action\n'}
[17.027081] (motion_specification_action) StdoutLine: {'line': b'-- Installing: /home/linux/Master-thesis/Project-Code/ros2_ws/src/freddy_single_arm_control/install/motion_specification_action/share/ament_index/resource_index/parent_prefix_path/motion_specification_action\n'}
[17.027197] (motion_specification_action) StdoutLine: {'line': b'-- Installing: /home/linux/Master-thesis/Project-Code/ros2_ws/src/freddy_single_arm_control/install/motion_specification_action/share/motion_specification_action/environment/ament_prefix_path.sh\n'}
[17.027317] (motion_specification_action) StdoutLine: {'line': b'-- Installing: /home/linux/Master-thesis/Project-Code/ros2_ws/src/freddy_single_arm_control/install/motion_specification_action/share/motion_specification_action/environment/ament_prefix_path.dsv\n'}
[17.027423] (motion_specification_action) StdoutLine: {'line': b'-- Installing: /home/linux/Master-thesis/Project-Code/ros2_ws/src/freddy_single_arm_control/install/motion_specification_action/share/motion_specification_action/environment/path.sh\n'}
[17.027518] (motion_specification_action) StdoutLine: {'line': b'-- Installing: /home/linux/Master-thesis/Project-Code/ros2_ws/src/freddy_single_arm_control/install/motion_specification_action/share/motion_specification_action/environment/path.dsv\n'}
[17.027603] (motion_specification_action) StdoutLine: {'line': b'-- Installing: /home/linux/Master-thesis/Project-Code/ros2_ws/src/freddy_single_arm_control/install/motion_specification_action/share/motion_specification_action/local_setup.bash\n'}
[17.027687] (motion_specification_action) StdoutLine: {'line': b'-- Installing: /home/linux/Master-thesis/Project-Code/ros2_ws/src/freddy_single_arm_control/install/motion_specification_action/share/motion_specification_action/local_setup.sh\n'}
[17.027773] (motion_specification_action) StdoutLine: {'line': b'-- Installing: /home/linux/Master-thesis/Project-Code/ros2_ws/src/freddy_single_arm_control/install/motion_specification_action/share/motion_specification_action/local_setup.zsh\n'}
[17.027856] (motion_specification_action) StdoutLine: {'line': b'-- Installing: /home/linux/Master-thesis/Project-Code/ros2_ws/src/freddy_single_arm_control/install/motion_specification_action/share/motion_specification_action/local_setup.dsv\n'}
[17.027943] (motion_specification_action) StdoutLine: {'line': b'-- Installing: /home/linux/Master-thesis/Project-Code/ros2_ws/src/freddy_single_arm_control/install/motion_specification_action/share/motion_specification_action/package.dsv\n'}
[17.028029] (motion_specification_action) StdoutLine: {'line': b'-- Installing: /home/linux/Master-thesis/Project-Code/ros2_ws/src/freddy_single_arm_control/install/motion_specification_action/share/ament_index/resource_index/packages/motion_specification_action\n'}
[17.028134] (motion_specification_action) StdoutLine: {'line': b'-- Installing: /home/linux/Master-thesis/Project-Code/ros2_ws/src/freddy_single_arm_control/install/motion_specification_action/share/ament_index/resource_index/rclcpp_components/motion_specification_action\n'}
[17.028234] (motion_specification_action) StdoutLine: {'line': b'-- Installing: /home/linux/Master-thesis/Project-Code/ros2_ws/src/freddy_single_arm_control/install/motion_specification_action/share/motion_specification_action/cmake/motion_specification_actionConfig.cmake\n'}
[17.028333] (motion_specification_action) StdoutLine: {'line': b'-- Installing: /home/linux/Master-thesis/Project-Code/ros2_ws/src/freddy_single_arm_control/install/motion_specification_action/share/motion_specification_action/cmake/motion_specification_actionConfig-version.cmake\n'}
[17.028503] (motion_specification_action) StdoutLine: {'line': b'-- Installing: /home/linux/Master-thesis/Project-Code/ros2_ws/src/freddy_single_arm_control/install/motion_specification_action/share/motion_specification_action/package.xml\n'}
[17.029048] (motion_specification_action) CommandEnded: {'returncode': 0}
[17.040318] (motion_specification_action) JobEnded: {'identifier': 'motion_specification_action', 'rc': 0}
[17.041001] (-) EventReactorShutdown: {}
